CKG_NM,CKG_MTRL_CN,COOKING_STEPS
닭볶음탕,[재료] 닭 1마리| 당면| 감자3개| 당근1/2쪽| 양파 1~1.5개| 고추3개| 대파1대| 다진마늘5쪽| 우유200ml [육수] 멸치| 다시마| 표고버섯 [양념] 간장 8~11큰술| 고추장4큰술| 고춧가루2큰술| 요리당6큰술| 간양파1/2개| 청주1큰술| 물400~600ml| 후추 약간| 참기름 약간| 액젓 1큰술,"1. 닭, 감자를 깍둑썰기 해주세요.
[TERM:깍둑썰기]
2. 당근을 채썰기 해주세요.
[TERM:채썰기]
3. 양파, 고추, 대파를 어슷썰기 해주세요.
[TERM:어슷썰기]
4. 당면은 물에 불려 부드럽게 준비해주세요.
5. 팬에 기름을 두르고 닭, 다진마늘을 먼저 볶아주세요.
6. 손질한 감자, 당근, 양파, 고추, 대파를 넣고 함께 볶아주세요.
7. 간장, 고추장, 고춧가루, 요리당, 간양파, 청주, 물, 후추 약간, 참기름 약간, 액젓을 넣고 재료 전체에 고르게 배도록 볶아주세요.
8. 재료가 충분히 볶아지면 닭볶음탕을 완성해주세요."
부대찌개,[재료] 김치 1/4밥공기(1줌)| 비엔나 20개| 스팸 1개| 두부 1/3모| 떡 1줌| 대파 10센티 4개| 홍고추 2개| 청양고추 큰거 2개| 사골곰탕 1봉지 [양념] 된장 1/2큰술| 고추가루 4큰술| 마늘 2큰술| 국간장2큰술| 설탕 1/2큰술| 물 1/2소주컵,"1. 김치를 채썰기 해주세요.
[TERM:채썰기]
2. 스팸을 깍둑썰기 해주세요.
[TERM:깍둑썰기]
3. 대파, 홍고추, 청양고추 큰거를 어슷썰기 해주세요.
[TERM:어슷썰기]
4. 두부, 떡, 비엔나를 넣어주세요.
5. 손질한 김치, 스팸, 대파, 홍고추, 청양고추 큰거를 넣고 함께 익혀주세요.
6. 된장, 고추가루, 마늘, 국간장, 설탕, 물을 넣고 간이 고르게 배도록 끓여주세요.
7. 재료가 충분히 익으면 부대찌개를 완성해주세요."
잡채,[재료] 당면 1줌반| 당근 약간| 파프리카 약간| 목이버섯 1줌| 양파 1/2개| 부추 약간| 잡채용 돼지고기 1줌 [고기밑간] 다진마늘 1작은술| 진간장 1작은술| 참기름 1작은술| 미림(맛술) 2작은술| 후추 약간 [잡채 양념] 간장 10큰술| 물엿(올리고당) 20큰술,"1. 당근 약간을 채썰기 해주세요.
[TERM:채썰기]
2. 파프리카 약간, 양파를 어슷썰기 해주세요.
[TERM:어슷썰기]
3. 목이버섯을 편썰기 해주세요.
[TERM:편썰기]
4. 잡채용 돼지고기를 깍둑썰기 해주세요.
[TERM:깍둑썰기]
5. 당면은 물에 불려 부드럽게 준비해주세요.
6. 다진마늘, 진간장, 참기름, 미림, 후추 약간을 섞어 밑간을 만들고, 주재료에 미리 배어들게 재워주세요.
7. 부추 약간을 넣어주세요.
8. 손질한 당근 약간, 파프리카 약간, 양파, 목이버섯, 잡채용 돼지고기를 넣고 함께 익혀주세요.
9. 간장, 물엿을 넣고 간이 고르게 배도록 끓여주세요.
10. 재료가 충분히 익으면 잡채를 완성해주세요."
떡볶이,[재료] 떡볶이떡 2컵| 물 2컵| 대파 1/2대| 통깨 약간 [양념] 고추장 2T| 고추가루 1.5T| 간장 2T| 설탕 3T,"1. 대파를 어슷썰기 해주세요.
[TERM:어슷썰기]
2. 떡볶이떡을 넣어주세요.
3. 손질한 대파를 넣고 함께 익혀주세요.
4. 고추장, 고추가루, 간장, 설탕, 통깨 약간을 넣고 간이 고르게 배도록 끓여주세요.
5. 재료가 충분히 익으면 떡볶이를 완성해주세요."
소고기미역국,[재료] 소고기(국거리용) 180g| 미역 1줌(20g)| 쌀뜨물(혹은 물) 1.4L(종이컵 기준 약 7컵)| 다진마늘 1큰술| 참기름 1큰술| 국간장 2큰술| 소금 약간,"1. 소고기를 깍둑썰기 해주세요.
[TERM:깍둑썰기]
2. 미역은 물에 불려 부드럽게 준비해주세요.
3. 다진마늘을 넣어주세요.
4. 손질한 소고기를 넣고 함께 익혀주세요.
5. 참기름, 국간장, 소금 약간을 넣고 간이 고르게 배도록 끓여주세요.
6. 재료가 충분히 익으면 소고기미역국을 완성해주세요."
돼지고기김치찌개,[재료] 물 2컵(250ml 기준)| 돼지고기 찌개용(or 목살) 250g| 신김치 200g| 김칫국물 5큰술| 참기름 1작은술| 양파 1/2개| 청고추 2개| 대파 약간 [고기 밑간(재우기)] 고추장 1큰술| 미림 1큰술| 국간장 1/2큰술| 소금 1꼬집| 다진마늘 1큰술| 국간장 1/2큰술| 후추 약간,"1. 돼지고기 찌개용을 깍둑썰기 해주세요.
[TERM:깍둑썰기]
2. 신김치를 채썰기 해주세요.
[TERM:채썰기]
3. 양파, 청고추, 대파 약간을 어슷썰기 해주세요.
[TERM:어슷썰기]
4. 고추장, 미림, 국간장, 소금, 다진마늘, 후추 약간을 섞어 밑간을 만들고, 주재료에 미리 배어들게 재워주세요.
5. 손질한 돼지고기 찌개용, 신김치, 양파, 청고추, 대파 약간을 넣고 함께 익혀주세요.
6. 참기름을 넣고 간이 고르게 배도록 끓여주세요.
7. 재료가 충분히 익으면 돼지고기김치찌개를 완성해주세요."
안동찜닭,[재료] 손질된 닭 한마리 7호| 당면 1줌| 감자 큰 거 2개| 양파 1개| 당근 1/3개| 오이 1/3개| 대파 1/2개| 청고추 1개 [소스재료] 물 4종이컵| 진간장 13스푼(어른밥수저기준)| 물엿 5스푼(어른밥수저 기준)| 설탕 3스푼(어른밥수저 기준)| 캐러멜소스(생략가능) 1스푼(어른밥수저기준)| 다진마늘 3스푼(어른밥수저기준)| 후춧가루 톡 3번| 인스턴트커피 1봉 [잡내제거 재료] 미림 혹은 소주 3스푼| 쌀뜨물(or우유),"1. 감자 큰 거를 깍둑썰기 해주세요.
[TERM:깍둑썰기]
2. 양파, 오이, 대파, 청고추를 어슷썰기 해주세요.
[TERM:어슷썰기]
3. 당근을 채썰기 해주세요.
[TERM:채썰기]
4. 당면은 물에 불려 부드럽게 준비해주세요.
5. 손질된 닭 한마리를 넣어주세요.
6. 손질한 감자 큰 거, 양파, 오이, 대파, 청고추, 당근을 넣고 함께 익혀주세요.
7. 물, 진간장, 물엿, 설탕, 캐러멜소스, 다진마늘, 후춧가루 톡, 인스턴트커피, 미림 혹은 소주를 넣고 간이 고르게 배도록 끓여주세요.
8. 재료가 충분히 익으면 안동찜닭을 완성해주세요."
제육볶음,[제육볶음재료] 돼지고기앞다리살 1근| 양파 1개| 당근 1/3개| 마늘 1스푼| 파 약간| 고추 기호에맞게 [재육볶음양념장] 간장 2스푼| 물엿 1스푼| 매실액 2스푼| 고추장 1스푼| 고춧가루 2스푼| 후추가루 약간,"1. 돼지고기앞다리살을 깍둑썰기 해주세요.
[TERM:깍둑썰기]
2. 양파, 파 약간, 고추 기호에맞게를 어슷썰기 해주세요.
[TERM:어슷썰기]
3. 당근을 채썰기 해주세요.
[TERM:채썰기]
4. 마늘을 다지기 해주세요.
[TERM:다지기]
5. 팬에 기름을 두르고 돼지고기앞다리살을 먼저 볶아주세요.
6. 손질한 양파, 파 약간, 고추 기호에맞게, 당근, 마늘을 넣고 함께 볶아주세요.
7. 간장, 물엿, 매실액, 고추장, 고춧가루, 후추가루 약간을 넣고 재료 전체에 고르게 배도록 볶아주세요.
8. 재료가 충분히 볶아지면 제육볶음을 완성해주세요."
된장찌개,[재료] 느타리버섯 1줌| 양파 1/2개| 애호박 1/4개| 청양고추 2개| 두부 1/4모| 물 1.5종이컵 [양념] 된장 2T| 진간장 1T| 고추가루 1.5T| 다진마늘 0.5T| 설탕 0.5티스푼| 소금 마지막간,"1. 느타리버섯을 편썰기 해주세요.
[TERM:편썰기]
2. 양파, 청양고추를 어슷썰기 해주세요.
[TERM:어슷썰기]
3. 애호박을 반달썰기 해주세요.
[TERM:반달썰기]
4. 두부를 넣어주세요.
5. 손질한 느타리버섯, 양파, 청양고추, 애호박을 넣고 함께 익혀주세요.
6. 된장, 진간장, 고추가루, 다진마늘, 설탕, 소금 마지막간을 넣고 간이 고르게 배도록 끓여주세요.
7. 재료가 충분히 익으면 된장찌개를 완성해주세요."
순두부찌개,[재료] 순두부| 대파 1/4개| 양파 1/4개| 애호박 1/4개| 청양고추 1개| 달걀 1개| 참기름 1큰술| 식용유 2큰술| 고추가루 1+1/2큰술| 소금 1/2큰술| 설탕 1꼬집| 굴소스 1큰술| 간장 1큰술| 다진 마늘 1큰술| 멸치육수,"1. 대파, 양파, 청양고추를 어슷썰기 해주세요.
[TERM:어슷썰기]
2. 애호박을 반달썰기 해주세요.
[TERM:반달썰기]
3. 달걀은 그릇에 풀어주세요.
4. 순두부, 다진 마늘을 넣어주세요.
5. 손질한 대파, 양파, 청양고추, 애호박을 넣고 함께 익혀주세요.
6. 참기름, 식용유, 고추가루, 소금, 설탕, 굴소스, 간장, 멸치육수를 넣고 간이 고르게 배도록 끓여주세요.
7. 풀어둔 달걀을 둘러가며 넣어 익혀주세요.
8. 재료가 충분히 익으면 순두부찌개를 완성해주세요."
잔치국수양념장,[재료] 국수| 호박| 당근| 계란| 김가루| 김치(익은것) [육수 재료] 국물용멸치 1줌| 무| 대파| 양파 1/2개| 다시마(5x5) 2장| 국간장 1스푼| 물 1400ml [양념장] 간장 4스푼| 고추가루 1스푼| 매실액 1스푼| 참기름 1스푼| 깨 1스푼| 다진고추 1스푼| 다진대파 1스푼| 다진마늘 1/2스푼,"1. 호박을 반달썰기 해주세요.
[TERM:반달썰기]
2. 당근, 김치를 채썰기 해주세요.
[TERM:채썰기]
3. 계란은 그릇에 풀어주세요.
4. 국물용멸치, 무, 대파, 양파, 다시마, 국간장, 물을 냄비에 넣고 끓여 국물을 준비해주세요.
5. 국수, 김가루를 넣어주세요.
6. 손질한 호박, 당근, 김치를 넣고 함께 익혀주세요.
7. 간장, 고추가루, 매실액, 참기름, 깨, 다진고추, 다진대파, 다진마늘을 넣고 간이 고르게 배도록 끓여주세요.
8. 풀어둔 계란을 둘러가며 넣어 익혀주세요.
9. 재료가 충분히 익으면 잔치국수양념장을 완성해주세요."
소불고기,[재료] 소불고기 700g| 양파 1개| 대파 1대| 팽이버섯 1팩| 느타리버섯 1팩 [양념] 설탕 4T| 물엿 2T| 매실액 1T| 다진마늘 3T| 간장 12T| 후추 약간| 참기름 3T,"1. 양파, 대파를 어슷썰기 해주세요.
[TERM:어슷썰기]
2. 팽이버섯, 느타리버섯을 편썰기 해주세요.
[TERM:편썰기]
3. 소불고기를 넣어주세요.
4. 손질한 양파, 대파, 팽이버섯, 느타리버섯을 넣고 함께 익혀주세요.
5. 설탕, 물엿, 매실액, 다진마늘, 간장, 후추 약간, 참기름을 넣고 간이 고르게 배도록 끓여주세요.
6. 재료가 충분히 익으면 소불고기를 완성해주세요."
두부조림,[재료] 두부 1모| 양파 1/2개| 파 1/2대| 식용류 1/2큰술| 들기름 1큰술 [재료] 물 100ml| 간장 4큰술| 고춧가루 2큰술| 굴소스 1/2큰술| 다진 마늘 1큰술| 설탕 1큰술| 깨 1큰술| 참기름 1큰술,"1. 양파, 파를 어슷썰기 해주세요.
[TERM:어슷썰기]
2. 식용류, 들기름, 간장, 고춧가루, 굴소스, 설탕, 깨, 참기름을 섞어 양념장을 만들어주세요.
3. 냄비에 양파, 파, 두부, 다진 마늘을 넣고 양념장을 부어주세요.
4. 국물이 자작해질 때까지 졸여주세요.
[TERM:졸이다]
5. 국물이 충분히 졸아들면 두부조림을 완성해주세요."
간장쪽갈비,[재료] 등갈비 1kg| 된장 1T| 통마늘 5개 [ 양념] 간장 8T| 설탕 4T| 물엿 4T| 매실액 2T| 맛술 4T| 다진마늘 2T| 참기름 1T| 물 700ml| 깨 약간,"1. 등갈비를 깍둑썰기 해주세요.
[TERM:깍둑썰기]
2. 통마늘을 다지기 해주세요.
[TERM:다지기]
3. 손질한 등갈비, 통마늘을 넣고 함께 익혀주세요.
4. 간장, 설탕, 물엿, 매실액, 맛술, 다진마늘, 참기름, 물, 깨 약간, 된장을 넣고 간이 고르게 배도록 끓여주세요.
5. 재료가 충분히 익으면 간장쪽갈비를 완성해주세요."
닭도리탕,[재료] 닭 1마리| 당근 1/3개| 양파 1/2개| 감자 3개| 대파 초록색 부분 20센티 4개| 청양고추 4개 [양념장] 고추장 2큰술| 고추가루 7큰술| 설탕 2큰술| 국간장 5큰술| 마늘 1큰술 아주 듬뿍| 물 1소주잔,"1. 닭, 감자를 깍둑썰기 해주세요.
[TERM:깍둑썰기]
2. 당근을 채썰기 해주세요.
[TERM:채썰기]
3. 양파, 대파 초록색 부분, 청양고추를 어슷썰기 해주세요.
[TERM:어슷썰기]
4. 손질한 닭, 감자, 당근, 양파, 대파 초록색 부분, 청양고추를 넣고 함께 익혀주세요.
5. 고추장, 고추가루, 설탕, 국간장, 마늘, 물을 넣고 간이 고르게 배도록 끓여주세요.
6. 재료가 충분히 익으면 닭도리탕을 완성해주세요."
김치비빔국수,[재료] 국수 1.5인분| 식용유 1큰술| 김치 2/3컵| 간장 1큰술| 고추장 1큰술| 고춧가루 1큰술| 설탕 1큰술| 올리고당 1/2큰술| 식초 1큰술| 참기름 1큰술| 통깨 약간,"1. 김치를 채썰기 해주세요.
[TERM:채썰기]
2. 국수를 넣어주세요.
3. 손질한 김치를 넣고 함께 익혀주세요.
4. 식용유, 간장, 고추장, 고춧가루, 설탕, 올리고당, 식초, 참기름, 통깨 약간을 넣고 간이 고르게 배도록 끓여주세요.
5. 재료가 충분히 익으면 김치비빔국수를 완성해주세요."
오징어볶음,[재료] 오징어 2마리(큰사이즈)| 양배추 1/4통| 당근 1/2개| 양파 1개| 풋고추 2개| 파 2뿌리| 식용유 3큰술 [양념재료] 설탕 1큰술| 마늘 1큰술| 고추장 1큰술| 간장 5큰술| 고춧가루 3큰술| 물 1/2컵| 참기름 1큰술| 통깨 적당량,"1. 오징어를 먹기 좋은 크기로 손질해주세요.
2. 당근을 채썰기 해주세요.
[TERM:채썰기]
3. 양파, 풋고추, 파를 어슷썰기 해주세요.
[TERM:어슷썰기]
4. 팬에 기름을 두르고 양배추를 먼저 볶아주세요.
5. 손질한 오징어, 당근, 양파, 풋고추, 파를 넣고 함께 볶아주세요.
6. 설탕, 마늘, 고추장, 간장, 고춧가루, 물, 참기름, 통깨 적당량, 식용유를 넣고 재료 전체에 고르게 배도록 볶아주세요.
7. 재료가 충분히 볶아지면 오징어볶음을 완성해주세요."
참치김치찌개,[재료] 신김치 1국그릇| 대파 1뿌리| 참치 1캔| 식용유 3스푼| 고추가루 1스푼| 김치국물 3스푼| 물 400ml,"1. 신김치를 채썰기 해주세요.
[TERM:채썰기]
2. 대파를 어슷썰기 해주세요.
[TERM:어슷썰기]
3. 참치를 넣어주세요.
4. 손질한 신김치, 대파를 넣고 함께 익혀주세요.
5. 식용유, 고추가루를 넣고 간이 고르게 배도록 끓여주세요.
6. 재료가 충분히 익으면 참치김치찌개를 완성해주세요."
소고기무국,[재료] 무 1/3개| 소고기(국거리용)| 대파 1개 [양념] 참기름 2T| 간마늘 1T| (집)국간장 4T| 멸치육수(쌀뜨물가능) 적당량,"1. 무를 나박썰기 해주세요.
[TERM:나박썰기]
2. 소고기를 깍둑썰기 해주세요.
[TERM:깍둑썰기]
3. 대파를 어슷썰기 해주세요.
[TERM:어슷썰기]
4. 손질한 무, 소고기, 대파를 넣고 함께 익혀주세요.
5. 참기름, 간마늘, 국간장, 멸치육수 적당량을 넣고 간이 고르게 배도록 끓여주세요.
6. 재료가 충분히 익으면 소고기무국을 완성해주세요."
잔멸치볶음,[재료] 잔 멸치 300cc 1국그릇 [양념] 오일 3스푼| 간장 1스푼| 맛술 1스푼| 올리고당 3스푼| 설탕 티스푼 1스푼| 참기름 1스푼| 깨소금 1스푼,"1. 팬에 기름을 두르고 잔 멸치를 먼저 볶아주세요.
2. 오일, 간장, 맛술, 올리고당, 설탕 티스푼, 참기름, 깨소금을 넣고 재료 전체에 고르게 배도록 볶아주세요.
3. 재료가 충분히 볶아지면 잔멸치볶음을 완성해주세요."
돼지고기고추장찌개,[재료] 돼지고기| 감자 2개| 애호박 1/2개| 청양고추 4개| 다진마늘 1큰술| 고추장 2큰술| 양파 1개| 간장 3큰술| 설탕 1큰술| 올리고당 2큰술| 소금 2꼬집| 참기름 2큰술| 고춧가루 1큰술,"1. 돼지고기, 감자를 깍둑썰기 해주세요.
[TERM:깍둑썰기]
2. 애호박을 반달썰기 해주세요.
[TERM:반달썰기]
3. 청양고추, 양파를 어슷썰기 해주세요.
[TERM:어슷썰기]
4. 다진마늘을 넣어주세요.
5. 손질한 돼지고기, 감자, 애호박, 청양고추, 양파를 넣고 함께 익혀주세요.
6. 고추장, 간장, 설탕, 올리고당, 소금, 참기름, 고춧가루를 넣고 간이 고르게 배도록 끓여주세요.
7. 재료가 충분히 익으면 돼지고기고추장찌개를 완성해주세요."
폭탄계란찜,[재료] 계란 3개| 소금 1/3큰술| 설탕 1/3큰술| 대파 또는 쪽파 적당량| 통깨 적당량| 참기름 1큰술| 물 100ml,"1. 대파 또는 쪽파 적당량을 어슷썰기 해주세요.
[TERM:어슷썰기]
2. 계란은 그릇에 풀어주세요.
3. 손질한 대파 또는 쪽파 적당량을 넣고 함께 익혀주세요.
4. 소금, 설탕, 통깨 적당량, 참기름을 넣고 간이 고르게 배도록 끓여주세요.
5. 풀어둔 계란을 둘러가며 넣어 익혀주세요.
6. 재료가 충분히 익으면 폭탄계란찜을 완성해주세요."
고등어무조림,[재료] 고등어 1마리| 무 500g| 대파 1뿌리| 물 300ml [양념] 진간장 4큰술| 고추장 2큰술| 고춧가루 1큰술| 매실액 2큰술| 맛술 2큰술| 올리고당 1큰술| 다진 마늘 1작은술| 후춧가루 약간,"1. 무를 나박썰기 해주세요.
[TERM:나박썰기]
2. 대파를 어슷썰기 해주세요.
[TERM:어슷썰기]
3. 진간장, 고추장, 고춧가루, 매실액, 맛술, 올리고당, 다진 마늘, 후춧가루 약간을 섞어 양념장을 만들어주세요.
4. 냄비에 무, 대파, 고등어를 넣고 양념장을 부어주세요.
5. 국물이 자작해질 때까지 졸여주세요.
[TERM:졸이다]
6. 국물이 충분히 졸아들면 고등어무조림을 완성해주세요."
메추리알장조림,[재료] 메추리알 270g [양념] 물 1/2컵| 간장 6큰술| 설탕 2큰술| 올리고당 2큰술| 미림 2큰술,"1. 물, 간장, 설탕, 올리고당, 미림을 섞어 양념장을 만들어주세요.
2. 냄비에 메추리알을 넣고 양념장을 부어주세요.
3. 국물이 자작해질 때까지 졸여주세요.
[TERM:졸이다]
4. 국물이 충분히 졸아들면 메추리알장조림을 완성해주세요."
콩나물무침,[재료] 콩나물 1봉지| 대파(또는 쪽파) 1/6대| 당근 1/5개 [양념] 고춧가루 2큰술| 다진 마늘 1/2큰술| 참기름 1큰술| 진간장 1큰술| 소금 입맛에맞게| 깨소금 적당량,"1. 대파를 어슷썰기 해주세요.
[TERM:어슷썰기]
2. 당근을 채썰기 해주세요.
[TERM:채썰기]
3. 손질한 대파, 당근을 끓는 물에 살짝 데쳐주세요.
[TERM:데치다]
4. 고춧가루, 다진 마늘, 참기름, 진간장, 소금 입맛에맞게, 깨소금 적당량을 한데 섞어 양념을 만들어주세요.
5. 준비한 재료에 양념을 넣고 골고루 무쳐주세요.
6. 그릇에 담으면 콩나물무침이 완성됩니다."
스팸김치볶음밥,[재료] 김치| 스팸| 밥 [양념] 굴소스 1+1/2큰술| 올리고당 1+1/2큰술| 고추장 1큰술| 맛술 1작은술| 참기름 1큰술| 후춧가루 약간,"1. 김치를 채썰기 해주세요.
[TERM:채썰기]
2. 스팸을 깍둑썰기 해주세요.
[TERM:깍둑썰기]
3. 밥을 넣어주세요.
4. 손질한 김치, 스팸을 넣고 함께 익혀주세요.
5. 굴소스, 올리고당, 고추장, 맛술, 참기름, 후춧가루 약간을 넣고 간이 고르게 배도록 끓여주세요.
6. 재료가 충분히 익으면 스팸김치볶음밥을 완성해주세요."
깻잎김치,[재료] 간장 10큰술| 액젓 3큰술| 올리고당 2큰술| 매실액 3큰술| 고춧가루 5큰술| 깻잎 80~100장 [양념] 양파 1개| 당근 1/2개| 쪽파 5개| 마늘 5알| 깨소금 약간,"1. 깻잎을 넣어주세요.
2. 양파, 당근, 쪽파, 마늘, 깨소금 약간, 간장, 액젓, 올리고당, 매실액, 고춧가루를 넣고 간이 고르게 배도록 끓여주세요.
3. 재료가 충분히 익으면 깻잎김치를 완성해주세요."
감자탕,[재료] 돼지등뼈 1.3kg| 감자 2개| 무청 1줌| 대파 1대| 깻잎 약간| 물 적당량 [양념] 고추장 1큰술| 된장 1큰술| 고춧가루 3큰술| 다진마늘 1큰술| 국간장 1/2컵| 액젓 3큰술| 들깨가루 4~5큰술,"1. 감자를 깍둑썰기 해주세요.
[TERM:깍둑썰기]
2. 무청을 나박썰기 해주세요.
[TERM:나박썰기]
3. 대파를 어슷썰기 해주세요.
[TERM:어슷썰기]
4. 돼지등뼈, 깻잎 약간을 넣어주세요.
5. 손질한 감자, 무청, 대파를 넣고 함께 익혀주세요.
6. 고추장, 된장, 고춧가루, 다진마늘, 국간장, 액젓, 들깨가루를 넣고 간이 고르게 배도록 끓여주세요.
7. 재료가 충분히 익으면 감자탕을 완성해주세요."
볶음김치,[재료] 익은김치 400g(3컵)| 김칫국물 1+1/2큰술| 설탕 2큰술| 양파(중) 2/3개| 대파(흰부분) 20cm| 식용유 2큰술| 참기름 1/3큰술| 통깨 1큰술 [김치 양념] 간장 2/3큰술| 올리고당 1+1/2큰술| 고춧가루 1+1/2큰술| 맛술 1+1/2큰술| 참기름 1큰술| 통깨 1큰술,"1. 익은김치를 채썰기 해주세요.
[TERM:채썰기]
2. 양파, 대파를 어슷썰기 해주세요.
[TERM:어슷썰기]
3. 손질한 익은김치, 양파, 대파를 넣고 함께 볶아주세요.
4. 간장, 올리고당, 고춧가루, 맛술, 참기름, 통깨, 설탕, 식용유를 넣고 재료 전체에 고르게 배도록 볶아주세요.
5. 재료가 충분히 볶아지면 볶음김치를 완성해주세요."
소갈비찜,[재료] 소갈비 800G| 감자 2개| 당근 1/2개| 대파 1대| 생수 1병정도 [양념] 설탕 1/2컵| 맛술 1/2컵| 물 1컵| 진간장 1컵| 다진마늘 2큰술| 생강 1/2큰술| 참기름 2큰술,"1. 소갈비, 감자를 깍둑썰기 해주세요.
[TERM:깍둑썰기]
2. 당근을 채썰기 해주세요.
[TERM:채썰기]
3. 대파를 어슷썰기 해주세요.
[TERM:어슷썰기]
4. 생수를 넣어주세요.
5. 손질한 소갈비, 감자, 당근, 대파를 넣고 함께 익혀주세요.
6. 설탕, 맛술, 물, 진간장, 다진마늘, 생강, 참기름을 넣고 간이 고르게 배도록 끓여주세요.
7. 재료가 충분히 익으면 소갈비찜을 완성해주세요."
어묵볶음,[재료] 사각어묵 3장| 양파 1/2개| 당근 약간| 참깨| 식용유 [양념] 고춧가루 1큰술| 간장 1큰술| 참기름 1작은술| 굴소스 1큰술| 올리고당 1+1/2큰술| 다진마늘 1작은술,"1. 양파를 어슷썰기 해주세요.
[TERM:어슷썰기]
2. 당근 약간을 채썰기 해주세요.
[TERM:채썰기]
3. 팬에 기름을 두르고 사각어묵을 먼저 볶아주세요.
4. 손질한 양파, 당근 약간을 넣고 함께 볶아주세요.
5. 고춧가루, 간장, 참기름, 굴소스, 올리고당, 다진마늘, 참깨, 식용유를 넣고 재료 전체에 고르게 배도록 볶아주세요.
6. 재료가 충분히 볶아지면 어묵볶음을 완성해주세요."
감자간장조림,[재료] 감자 3개| 양파 조금| 다진파(생략가능) 조금 [양념] 간장 3숟가락| 물엿 4숟가락| 식용유 2숟가락| 통깨 넉넉히,"1. 감자를 깍둑썰기 해주세요.
[TERM:깍둑썰기]
2. 양파 조금을 어슷썰기 해주세요.
[TERM:어슷썰기]
3. 간장, 물엿, 식용유, 통깨 넉넉히를 섞어 양념장을 만들어주세요.
4. 냄비에 감자, 양파 조금, 다진파 조금을 넣고 양념장을 부어주세요.
5. 국물이 자작해질 때까지 졸여주세요.
[TERM:졸이다]
6. 국물이 충분히 졸아들면 감자간장조림을 완성해주세요."
소세지야채볶음,[재료] 비엔나소세지| 양파 1/3| 파프리카 1/3| 당근 1/3| 식용유 [양념] 케찹 2T| 고추장 1T| 굴소스 1T| 올리고당 1T| 다진마늘 1/3T,"1. 양파, 파프리카를 어슷썰기 해주세요.
[TERM:어슷썰기]
2. 당근을 채썰기 해주세요.
[TERM:채썰기]
3. 팬에 기름을 두르고 비엔나소세지를 먼저 볶아주세요.
4. 손질한 양파, 파프리카, 당근을 넣고 함께 볶아주세요.
5. 케찹, 고추장, 굴소스, 올리고당, 다진마늘, 식용유를 넣고 재료 전체에 고르게 배도록 볶아주세요.
6. 재료가 충분히 볶아지면 소세지야채볶음을 완성해주세요."
연근조림,[재료] 연근 2개 (800g)| 식초 3T| 소금 1/2T [양념] 물 500cc| 간장 20T| 설탕 15T| 물엿 10T| 깨 약간,"1. 물, 간장, 설탕, 물엿, 깨 약간, 식초, 소금을 섞어 양념장을 만들어주세요.
2. 냄비에 연근을 넣고 양념장을 부어주세요.
3. 국물이 자작해질 때까지 졸여주세요.
[TERM:졸이다]
4. 국물이 충분히 졸아들면 연근조림을 완성해주세요."
오이무침,[재료] 오이 2개| 양파 1/2개 [양념] 고추장 1T| 고춧가루 1T| 설탕 1T| 올리고당 1T| 다진마늘 1/2T| 간장 1T| 식초 1.5T| 참기름 1T| 통깨 1T,"1. 오이, 양파를 어슷썰기 해주세요.
[TERM:어슷썰기]
2. 손질한 오이, 양파를 끓는 물에 살짝 데쳐주세요.
[TERM:데치다]
3. 고추장, 고춧가루, 설탕, 올리고당, 다진마늘, 간장, 식초, 참기름, 통깨를 한데 섞어 양념을 만들어주세요.
4. 준비한 재료에 양념을 넣고 골고루 무쳐주세요.
5. 그릇에 담으면 오이무침이 완성됩니다."
파김치,[재료] 쪽파 1단| 설탕 2.5Ts| 고춧가루 15Ts| 물 10Ts| 멸치액젓 15Ts| 다진마늘 3Ts,"1. 쪽파를 어슷썰기 해주세요.
[TERM:어슷썰기]
2. 다진마늘을 넣어주세요.
3. 손질한 쪽파를 넣고 함께 익혀주세요.
4. 설탕, 고춧가루, 멸치액젓을 넣고 간이 고르게 배도록 끓여주세요.
5. 재료가 충분히 익으면 파김치를 완성해주세요."
오뎅볶음,[재료] 오뎅 3~4장| 양파 1/2개| 대파 1/2종이컵이상| 청양고추 1개| 마늘 1스푼 [오뎅볶음소스] 물 150cc| 간장 3스푼| 설탕 1스푼| 참기름 1스푼,"1. 양파, 대파, 청양고추를 어슷썰기 해주세요.
[TERM:어슷썰기]
2. 마늘을 다지기 해주세요.
[TERM:다지기]
3. 팬에 기름을 두르고 오뎅을 먼저 볶아주세요.
4. 손질한 양파, 대파, 청양고추, 마늘을 넣고 함께 볶아주세요.
5. 물, 간장, 설탕, 참기름을 넣고 재료 전체에 고르게 배도록 볶아주세요.
6. 재료가 충분히 볶아지면 오뎅볶음을 완성해주세요."
콩나물국,[재료] 콩나물 4줌| 다진파 5T| 멸치다시마육수 500ml| 다진마늘 1/2T| 국간장 1T| 멸치액젓 1T| 소금 1/3T 정도,"1. 다진파, 다진마늘을 넣어주세요.
2. 멸치다시마육수, 국간장, 멸치액젓, 소금을 넣고 간이 고르게 배도록 끓여주세요.
3. 재료가 충분히 익으면 콩나물국을 완성해주세요."
소고기장조림,[재료] 장조림용 소고기 520g| 물 750ml| 소주(소주잔기준) 1컵| 양파 1/2개| 대파 10센티| 통마늘 10쪽| 생강(마늘크기) 3쪽| 다시마 2장| 사과(배) 1/4쪽크기 [양념] 고기삶은육수 500ml| 진간장 150ml| 소주 3T| 설탕 6T| 물엿 5T| 후추 3번톡톡,"1. 장조림용 소고기를 깍둑썰기 해주세요.
[TERM:깍둑썰기]
2. 양파, 대파를 어슷썰기 해주세요.
[TERM:어슷썰기]
3. 통마늘을 다지기 해주세요.
[TERM:다지기]
4. 다시마는 물에 불려 부드럽게 준비해주세요.
5. 고기삶은육수, 진간장, 소주, 설탕, 물엿, 후추를 섞어 양념장을 만들어주세요.
6. 냄비에 장조림용 소고기, 양파, 대파, 통마늘, 생강, 사과를 넣고 양념장을 부어주세요.
7. 국물이 자작해질 때까지 졸여주세요.
[TERM:졸이다]
8. 국물이 충분히 졸아들면 소고기장조림을 완성해주세요."
아몬드멸치볶음,[재료] 잔멸치 2줌| 아몬드 1줌| 간장 4T| 설탕 4T| 물 1소주잔 정도| 다진마늘 0.5T| 식용유 조금| 청주 1T| 올리고당 2T| 참깨 1꼬집,"1. 팬에 기름을 두르고 다진마늘, 잔멸치, 아몬드를 먼저 볶아주세요.
2. 간장, 설탕, 식용유 조금, 청주, 올리고당, 참깨를 넣고 재료 전체에 고르게 배도록 볶아주세요.
3. 재료가 충분히 볶아지면 아몬드멸치볶음을 완성해주세요."
미역오이냉국,[재료] 미역 1줌| 오이 1개| 양파 1/4개| 청양고추 [양념] 물 600ml| 소금 1큰술| 설탕 4큰술| 식초 6큰술| 통깨,"1. 오이, 양파, 청양고추를 어슷썰기 해주세요.
[TERM:어슷썰기]
2. 미역은 물에 불려 부드럽게 준비해주세요.
3. 손질한 오이, 양파, 청양고추를 넣고 함께 익혀주세요.
4. 물, 소금, 설탕, 식초, 통깨를 넣고 간이 고르게 배도록 끓여주세요.
5. 재료가 충분히 익으면 미역오이냉국을 완성해주세요."
새송이버섯간장버터구이,[재료] 새송이 버섯 3동| 청양고추 1개| 대파 1/2대| 버터 1T [앙념] 간장 5T| 올리고당 2T| 다진마늘 1T| 참기름 1T| 물 2T,"1. 새송이 버섯을 편썰기 해주세요.
[TERM:편썰기]
2. 청양고추, 대파를 어슷썰기 해주세요.
[TERM:어슷썰기]
3. 다진마늘, 버터를 넣어주세요.
4. 손질한 새송이 버섯, 청양고추, 대파를 넣고 함께 익혀주세요.
5. 간장, 올리고당, 참기름을 넣고 간이 고르게 배도록 끓여주세요.
6. 재료가 충분히 익으면 새송이버섯간장버터구이를 완성해주세요."
알배기배추겉절이,[재료] 알배기배추 1통| 고춧가루 1컵| 멸치액젓 1/3컵| 다진마늘 1+1/2큰술| 다진생강 1/2작은술| 쪽파 원하는만큼| 대파 1뿌리| 매실액 3큰술| 새우젓 2큰술| 설탕 조금| 통깨 약간,"1. 쪽파 원하는만큼, 대파를 어슷썰기 해주세요.
[TERM:어슷썰기]
2. 새우젓을 먹기 좋은 크기로 손질해주세요.
3. 손질한 쪽파 원하는만큼, 대파, 새우젓, 다진마늘, 다진생강, 알배기배추를 끓는 물에 살짝 데쳐주세요.
[TERM:데치다]
4. 고춧가루, 멸치액젓, 매실액, 설탕 조금, 통깨 약간을 한데 섞어 양념을 만들어주세요.
5. 준비한 재료에 양념을 넣고 골고루 무쳐주세요.
6. 그릇에 담으면 알배기배추겉절이가 완성됩니다."
미역국,[재료] 미역| 다진마늘1T| 간장1T| 된장1/2T| 소금 간에맞게,"1. 미역은 물에 불려 부드럽게 준비해주세요.
2. 다진마늘을 넣어주세요.
3. 간장, 된장, 소금 간에맞게를 넣고 간이 고르게 배도록 끓여주세요.
4. 재료가 충분히 익으면 미역국을 완성해주세요."
골뱅이무침소면,[재료] 골뱅이 1캔| 양파 1/2개| 당근 1개(작은사이즈)| 오이 1개| 깻잎 1묶음| 대파 1/2대| 청양고추 2개| 양배추 1줌| 소면 2줌(200g) [양념장재료] 고추장 1/3컵| 설탕 1/3컵| 식초 1/3컵| 다진마늘 1스푼| 고추가루 1스푼 [소면밑간재료] 참기름 1스푼| 간장 1스푼| 통깨 1스푼,"1. 양파, 오이, 대파, 청양고추를 어슷썰기 해주세요.
[TERM:어슷썰기]
2. 당근을 채썰기 해주세요.
[TERM:채썰기]
3. 손질한 양파, 오이, 대파, 청양고추, 당근, 골뱅이, 깻잎, 양배추, 소면을 끓는 물에 살짝 데쳐주세요.
[TERM:데치다]
4. 고추장, 설탕, 식초, 다진마늘, 고추가루를 한데 섞어 양념을 만들어주세요.
5. 준비한 재료에 양념을 넣고 골고루 무쳐주세요.
6. 그릇에 담으면 골뱅이무침소면이 완성됩니다."
오므라이스,[재료] 햄 100g| 양파(대) 1/2개| 당근 1줌| 감자(중) 1/2개| 파(잎위주) 1/2대| 식은 밥 2인분| 케찹 1T| 소금 1/2T| 후추 약간| 계란 4개 [양념] 돈가스소스 6T| 케찹 3T| 올리고당 3T| 굴소스 1T| 물 100ml,"1. 양파, 파를 어슷썰기 해주세요.
[TERM:어슷썰기]
2. 당근을 채썰기 해주세요.
[TERM:채썰기]
3. 감자를 깍둑썰기 해주세요.
[TERM:깍둑썰기]
4. 계란은 그릇에 풀어주세요.
5. 햄, 식은 밥을 넣어주세요.
6. 손질한 양파, 파, 당근, 감자를 넣고 함께 익혀주세요.
7. 돈가스소스, 케찹, 올리고당, 굴소스, 물, 소금, 후추 약간을 넣고 간이 고르게 배도록 끓여주세요.
8. 풀어둔 계란을 둘러가며 넣어 익혀주세요.
9. 재료가 충분히 익으면 오므라이스를 완성해주세요."
무생채,[재료] 무 600g| 고춧가루 2큰술| 다진 마늘 1큰술| 설탕 1큰술| 오미자청(또는 매실청) 1큰술| 식초 2큰술| 액젓 2큰술| 소금 적당량| 통깨 적당량| 송송 썬 대파 1컵(종이컵),"1. 무를 나박썰기 해주세요.
[TERM:나박썰기]
2. 송송 썬 대파를 어슷썰기 해주세요.
[TERM:어슷썰기]
3. 손질한 무, 송송 썬 대파, 다진 마늘, 오미자청을 끓는 물에 살짝 데쳐주세요.
[TERM:데치다]
4. 고춧가루, 설탕, 식초, 액젓, 소금 적당량, 통깨 적당량을 한데 섞어 양념을 만들어주세요.
5. 준비한 재료에 양념을 넣고 골고루 무쳐주세요.
6. 그릇에 담으면 무생채가 완성됩니다."
꽃게탕,[재료] 꽃게(작은 사이즈) 6마리| 양파(중) 1/2개| 호박 1/2개| 대파 1/2개| 청량고추 2개| 물 1000ml| 후춧가루 약간 [양념] 고추장 1스푼| 집된장 1스푼| 고춧가루 1+1/2스푼| 소금 1/3스푼| 국간장 1스푼| 다진마늘 1/2스푼,"1. 양파, 대파, 청량고추를 어슷썰기 해주세요.
[TERM:어슷썰기]
2. 호박을 반달썰기 해주세요.
[TERM:반달썰기]
3. 꽃게를 넣어주세요.
4. 손질한 양파, 대파, 청량고추, 호박을 넣고 함께 익혀주세요.
5. 고추장, 집된장, 고춧가루, 소금, 국간장, 다진마늘, 후춧가루 약간을 넣고 간이 고르게 배도록 끓여주세요.
6. 재료가 충분히 익으면 꽃게탕을 완성해주세요."
마파두부,[재료] 두부 2모| 돼지고기다짐육 1팩| 다진파 넉넉하게| 다진양파 [양념] 다진마늘 2큰술| 고춧가루 5큰술| 간장 4큰술| 설탕 1큰술| 굴소스 1큰술| 소금 톡톡| 된장 1큰술| 전분물| 치킨스톡 (멸치육수) 약간| 물 2컵| 후추 조금,"1. 돼지고기다짐육을 깍둑썰기 해주세요.
[TERM:깍둑썰기]
2. 두부, 다진파 넉넉하게, 다진양파를 넣어주세요.
3. 손질한 돼지고기다짐육을 넣고 함께 익혀주세요.
4. 다진마늘, 고춧가루, 간장, 설탕, 굴소스, 소금 톡톡, 된장, 전분물, 치킨스톡  약간, 물, 후추 조금을 넣고 간이 고르게 배도록 끓여주세요.
5. 재료가 충분히 익으면 마파두부를 완성해주세요."
폭탄달걀찜,[재료] 계란 4개| 소금 약간| 맛술 1큰술| 물 1컵| 다진 파 약간,"1. 계란은 그릇에 풀어주세요.
2. 다진 파 약간을 넣어주세요.
3. 소금 약간, 맛술을 넣고 간이 고르게 배도록 끓여주세요.
4. 풀어둔 계란을 둘러가며 넣어 익혀주세요.
5. 재료가 충분히 익으면 폭탄달걀찜을 완성해주세요."
진미채볶음,[재료] 진미채 180g [양념] 마요네즈 2T| 고추장 2T| 고춧가루 1T| 간장 1.5T| 다진마늘 1/2T| 참기름 1T| 설탕 1T| 올리고당 1.5T| 깨소금 0.5T,"1. 팬에 기름을 두르고 진미채를 먼저 볶아주세요.
2. 마요네즈, 고추장, 고춧가루, 간장, 다진마늘, 참기름, 설탕, 올리고당, 깨소금을 넣고 재료 전체에 고르게 배도록 볶아주세요.
3. 재료가 충분히 볶아지면 진미채볶음을 완성해주세요."
차돌박이숙주볶음,[필수 재료] 차돌박이 300g| 숙주 200g| 송송 썬 쪽파 2T [양념 재료] 간장 2T| 굴소스 1T| 고추기름 1T| 다진마늘 1T| 설탕 1T| 후추 약간| 참기름 1T,"1. 차돌박이를 깍둑썰기 해주세요.
[TERM:깍둑썰기]
2. 송송 썬 쪽파를 어슷썰기 해주세요.
[TERM:어슷썰기]
3. 숙주는 깨끗이 씻어 물기를 빼주세요.
4. 팬에 기름을 두르고 차돌박이를 먼저 볶아주세요.
5. 손질한 송송 썬 쪽파를 넣고 함께 볶아주세요.
6. 간장, 굴소스, 고추기름, 다진마늘, 설탕, 후추 약간, 참기름을 넣고 재료 전체에 고르게 배도록 볶아주세요.
7. 재료가 충분히 볶아지면 차돌박이숙주볶음을 완성해주세요."
계란삶는법,[재료] 달걀5개| 소금| 식초,"1. 달걀은 그릇에 풀어주세요.
2. 소금, 식초를 넣고 간이 고르게 배도록 끓여주세요.
3. 풀어둔 달걀을 둘러가며 넣어 익혀주세요.
4. 재료가 충분히 익으면 계란삶는법을 완성해주세요."
비빔국수,[재료] 국수 2인분| 깻잎 2~3장| 열무 김치 (있으면) 적당량 [양념재료] 고추장 2T| 고춧가루 2T| 식초 4T| 설탕 3T| 다진마늘 1T| 간장 2T| 와사비 1t| 참기름 1.5T| 다진 고추 약간| 깨소금 약간,"1. 열무 김치  적당량을 나박썰기 해주세요.
[TERM:나박썰기]
2. 국수, 깻잎을 넣어주세요.
3. 손질한 열무 김치  적당량을 넣고 함께 익혀주세요.
4. 고추장, 고춧가루, 식초, 설탕, 다진마늘, 간장, 와사비, 참기름, 다진 고추 약간, 깨소금 약간을 넣고 간이 고르게 배도록 끓여주세요.
5. 재료가 충분히 익으면 비빔국수를 완성해주세요."
돼지등갈비찜,[재료] 등갈비 600g| 월계수 잎 조금| 통후추 조금 [양념장] 물 350ml| 설탕 2Ts| 간장 4Ts| 매실액 1Ts| 물엿 2Ts| 맛술 2Ts| 참기름 1Ts| 다진 마늘 2Ts| 마늘 5톨,"1. 등갈비를 깍둑썰기 해주세요.
[TERM:깍둑썰기]
2. 월계수 잎 조금을 넣어주세요.
3. 손질한 등갈비를 넣고 함께 익혀주세요.
4. 물, 설탕, 간장, 매실액, 물엿, 맛술, 참기름, 다진 마늘, 마늘, 통후추 조금을 넣고 간이 고르게 배도록 끓여주세요.
5. 재료가 충분히 익으면 돼지등갈비찜을 완성해주세요."
고추장아찌,[재료] 고추| 간장| 설탕| 식초| 물,"1. 고추를 어슷썰기 해주세요.
[TERM:어슷썰기]
2. 손질한 고추를 끓는 물에 살짝 데쳐주세요.
[TERM:데치다]
3. 간장, 설탕, 식초를 한데 섞어 양념을 만들어주세요.
4. 준비한 재료에 양념을 넣고 골고루 무쳐주세요.
5. 그릇에 담으면 고추장아찌가 완성됩니다."
열무물김치,[재료] 열무 2단| 얼갈이배추 1단| 무 250g| 천일염 (절임용) 1컵 [밀가루풀 재료] 밀가루 1컵| 물 8컵 [국물재료] 생수 2L| 홍 고추 7개| 마늘 10쪽| 생강(선택) 적당량 [양념] 함초소금(국물용) 3큰술,"1. 열무, 무를 나박썰기 해주세요.
[TERM:나박썰기]
2. 홍 고추를 어슷썰기 해주세요.
[TERM:어슷썰기]
3. 마늘을 다지기 해주세요.
[TERM:다지기]
4. 얼갈이배추, 천일염, 생수, 생강 적당량을 넣어주세요.
5. 손질한 열무, 무, 홍 고추, 마늘을 넣고 함께 익혀주세요.
6. 함초소금, 밀가루를 넣고 간이 고르게 배도록 끓여주세요.
7. 재료가 충분히 익으면 열무물김치를 완성해주세요."
김치찜,[재료] 김치 1/4포기| 돼지고기 200g| 대파 1/2줄기 [양념] 참기름 2T| 설탕 1T| 맛술 3T,"1. 김치를 채썰기 해주세요.
[TERM:채썰기]
2. 돼지고기를 깍둑썰기 해주세요.
[TERM:깍둑썰기]
3. 대파를 어슷썰기 해주세요.
[TERM:어슷썰기]
4. 손질한 김치, 돼지고기, 대파를 넣고 함께 익혀주세요.
5. 참기름, 설탕, 맛술을 넣고 간이 고르게 배도록 끓여주세요.
6. 재료가 충분히 익으면 김치찜을 완성해주세요."
마약계란장,[재료] 계란 9개| 식초 1T| 소금 1T [양념] 간장 1.5컵| 설탕 1.5컵| 물 1.5컵| 다진마늘 1T| 양파 1개| 파 적당히| 깨 조금| 참기름 1T,"1. 계란은 그릇에 풀어주세요.
2. 간장, 설탕, 물, 다진마늘, 양파, 파 적당히, 깨 조금, 참기름, 식초, 소금을 넣고 간이 고르게 배도록 끓여주세요.
3. 풀어둔 계란을 둘러가며 넣어 익혀주세요.
4. 재료가 충분히 익으면 마약계란장을 완성해주세요."
감자채볶음,[재료] 감자(중) 2개| 양파(중) 1개| 당근 약간| 카놀라이유 약간| 통깨 약간 [양념] 소금 약간,"1. 감자를 깍둑썰기 해주세요.
[TERM:깍둑썰기]
2. 양파를 어슷썰기 해주세요.
[TERM:어슷썰기]
3. 당근 약간을 채썰기 해주세요.
[TERM:채썰기]
4. 팬에 기름을 두르고 카놀라이유 약간을 먼저 볶아주세요.
5. 손질한 감자, 양파, 당근 약간을 넣고 함께 볶아주세요.
6. 소금 약간, 통깨 약간을 넣고 재료 전체에 고르게 배도록 볶아주세요.
7. 재료가 충분히 볶아지면 감자채볶음을 완성해주세요."
깍두기,[깍두기 재료] 무 2개| 천일염 3.5큰술 [풀쑤기] 밀가루 2큰술| 물 200ml [양념만들기] 고춧가루 7큰술| 매실청 3큰술| 사과 1/2쪽| 쪽파 5뿌리| 양파 1/2개| 생강 0.5큰술| 마늘 3큰술| 까나리액젓 2큰술| 새우젓 1큰술| 소금 1큰술,"1. 무를 나박썰기 해주세요.
[TERM:나박썰기]
2. 천일염을 넣어주세요.
3. 손질한 무를 넣고 함께 익혀주세요.
4. 고춧가루, 매실청, 사과, 쪽파, 양파, 생강, 마늘, 까나리액젓, 새우젓, 소금, 밀가루를 넣고 간이 고르게 배도록 끓여주세요.
5. 재료가 충분히 익으면 깍두기를 완성해주세요."
마늘쫑고추장무침,[재료] 마늘쫑 1묶음(약 160g) [양념] 고춧가루 2큰술| 다진 마늘 1/2큰술| 설탕 1큰술| 간장 1큰술| 올리고당 1큰술| 고추장 3큰술| 매실청 3큰술| 소금 1꼬집| 통깨 또는 깨소금 적당량,"1. 마늘쫑을 다지기 해주세요.
[TERM:다지기]
2. 손질한 마늘쫑을 끓는 물에 살짝 데쳐주세요.
[TERM:데치다]
3. 고춧가루, 다진 마늘, 설탕, 간장, 올리고당, 고추장, 매실청, 소금, 통깨 또는 깨소금 적당량을 한데 섞어 양념을 만들어주세요.
4. 준비한 재료에 양념을 넣고 골고루 무쳐주세요.
5. 그릇에 담으면 마늘쫑고추장무침이 완성됩니다."
김치찌개,[재료] 묵은지 1/4포기(종이컵으로 세 컵 정도)| 돼지고기 150g (종이컵으로 한 컵 정도)| 쌀뜨물 4컵정도| 된장 0.5큰술| 청양고추 1개 (취향껏)| 다진마늘 1큰술| 고춧가루 2큰술| 대파 적당량| 국간장 1큰술| 새우젓 1큰술,"1. 돼지고기를 깍둑썰기 해주세요.
[TERM:깍둑썰기]
2. 청양고추, 대파 적당량을 어슷썰기 해주세요.
[TERM:어슷썰기]
3. 새우젓을 먹기 좋은 크기로 손질해주세요.
4. 다진마늘, 묵은지를 넣어주세요.
5. 손질한 돼지고기, 청양고추, 대파 적당량, 새우젓을 넣고 함께 익혀주세요.
6. 된장, 고춧가루, 국간장을 넣고 간이 고르게 배도록 끓여주세요.
7. 재료가 충분히 익으면 김치찌개를 완성해주세요."
떡만두국,[재료] 떡 2줌| 만두 5개| 당근 1/6개| 양파 1/2개| 애호박 1/4개| 달걀 1개| 대파 1대 [육수] 멸치 10마리| 다시마 2장 [국 간] 국간장 2T| 소금 1t| 후추 1/2t| 참기름 1/2T,"1. 당근을 채썰기 해주세요.
[TERM:채썰기]
2. 양파, 대파를 어슷썰기 해주세요.
[TERM:어슷썰기]
3. 애호박을 반달썰기 해주세요.
[TERM:반달썰기]
4. 달걀은 그릇에 풀어주세요.
5. 멸치, 다시마를 냄비에 넣고 끓여 국물을 준비해주세요.
6. 떡, 만두를 넣어주세요.
7. 손질한 당근, 양파, 대파, 애호박을 넣고 함께 익혀주세요.
8. 국간장, 소금, 후추, 참기름을 넣고 간이 고르게 배도록 끓여주세요.
9. 풀어둔 달걀을 둘러가며 넣어 익혀주세요.
10. 재료가 충분히 익으면 떡만두국을 완성해주세요."
전자렌지계란찜,[재료] 계란 2개| 물 1/2컵| 소금 약간| 야채 취향대로,"1. 계란은 그릇에 풀어주세요.
2. 야채 취향대로를 넣어주세요.
3. 소금 약간을 넣고 간이 고르게 배도록 끓여주세요.
4. 풀어둔 계란을 둘러가며 넣어 익혀주세요.
5. 재료가 충분히 익으면 전자렌지계란찜을 완성해주세요."
골뱅이무침,[재료] 골뱅이| 대파 1대| 양파 1/2개| 오이| 당근| 파프리카 [양념] 고춧가루 4스푼| 고추장 2스푼| 간장 1스푼| 매실액 2스푼| 황설탕 1스푼| 식초 2스푼| 마늘 1스푼| 올리고당 1스푼| 참기름 1스푼,"1. 대파, 양파, 오이, 파프리카를 어슷썰기 해주세요.
[TERM:어슷썰기]
2. 당근을 채썰기 해주세요.
[TERM:채썰기]
3. 손질한 대파, 양파, 오이, 파프리카, 당근, 골뱅이를 끓는 물에 살짝 데쳐주세요.
[TERM:데치다]
4. 고춧가루, 고추장, 간장, 매실액, 황설탕, 식초, 마늘, 올리고당, 참기름을 한데 섞어 양념을 만들어주세요.
5. 준비한 재료에 양념을 넣고 골고루 무쳐주세요.
6. 그릇에 담으면 골뱅이무침이 완성됩니다."
마파두부덮밥,[재료] 두부 1모| 돼지고기 다짐육 1컵| 양파 1개| 대파 1개 [양념] 고춧가루 3T| 된장 1T| 고추장 0.5T| 다진 마늘 2T| 간장 1/4컵| 물 2컵| 전분물 3T| 참기름 1T,"1. 돼지고기 다짐육을 깍둑썰기 해주세요.
[TERM:깍둑썰기]
2. 양파, 대파를 어슷썰기 해주세요.
[TERM:어슷썰기]
3. 두부를 넣어주세요.
4. 손질한 돼지고기 다짐육, 양파, 대파를 넣고 함께 익혀주세요.
5. 고춧가루, 된장, 고추장, 다진 마늘, 간장, 물, 전분물, 참기름을 넣고 간이 고르게 배도록 끓여주세요.
6. 재료가 충분히 익으면 마파두부덮밥을 완성해주세요."
김치볶음밥,[재료] 김치 1국그릇가득| 베이컨 3장| 대파 1개| 달걀 2개| 식용유 or 올리브유 약간| 간장 1스푼,"1. 김치를 채썰기 해주세요.
[TERM:채썰기]
2. 베이컨을 깍둑썰기 해주세요.
[TERM:깍둑썰기]
3. 대파를 어슷썰기 해주세요.
[TERM:어슷썰기]
4. 달걀은 그릇에 풀어주세요.
5. 손질한 김치, 베이컨, 대파를 넣고 함께 익혀주세요.
6. 식용유 or 올리브유 약간, 간장을 넣고 간이 고르게 배도록 끓여주세요.
7. 풀어둔 달걀을 둘러가며 넣어 익혀주세요.
8. 재료가 충분히 익으면 김치볶음밥을 완성해주세요."
참치두부조림,[재료] 두부 1모| 참치캔 1캔(150g)| 배추김치 2/3컵| 양파 1/2개| 대파 1/2대| 참기름| 통깨 [양념] 다진마늘 1숟갈| 설탕 1/2숟갈| 고춧가루 1숟갈| 간장 2숟갈| 생강술 2숟갈| 고추장 2숟갈| 물 1컵| 후춧가루,"1. 배추김치를 채썰기 해주세요.
[TERM:채썰기]
2. 양파, 대파를 어슷썰기 해주세요.
[TERM:어슷썰기]
3. 다진마늘, 설탕, 고춧가루, 간장, 생강술, 고추장, 물, 후춧가루, 참기름, 통깨를 섞어 양념장을 만들어주세요.
4. 냄비에 배추김치, 양파, 대파, 두부, 참치캔을 넣고 양념장을 부어주세요.
5. 국물이 자작해질 때까지 졸여주세요.
[TERM:졸이다]
6. 국물이 충분히 졸아들면 참치두부조림을 완성해주세요."
육개장,[재료] 소고기| 고사리| 대파| 숙주| 표고버섯 [양념] 식용유 2큰술| 참기름 4큰술| 고춧가루 3큰술| 다진마늘 1큰술| 국간장 2큰술| 소금 약간,"1. 소고기를 깍둑썰기 해주세요.
[TERM:깍둑썰기]
2. 대파를 어슷썰기 해주세요.
[TERM:어슷썰기]
3. 표고버섯을 편썰기 해주세요.
[TERM:편썰기]
4. 숙주는 깨끗이 씻어 물기를 빼주세요.
5. 고사리를 넣어주세요.
6. 손질한 소고기, 대파, 표고버섯을 넣고 함께 익혀주세요.
7. 식용유, 참기름, 고춧가루, 다진마늘, 국간장, 소금 약간을 넣고 간이 고르게 배도록 끓여주세요.
8. 재료가 충분히 익으면 육개장을 완성해주세요."
청국장찌개,[재료] 쌀뜨물 600ml| 청국장 1덩어리| 신김치 1컵 [양념] 고춧가루 1큰술| 다진 마늘 1큰술| 두부 1/2모| 청양고추 1개| 양파 약간| 대파 약간,"1. 신김치를 채썰기 해주세요.
[TERM:채썰기]
2. 청국장을 넣어주세요.
3. 손질한 신김치를 넣고 함께 익혀주세요.
4. 고춧가루, 다진 마늘, 두부, 청양고추, 양파 약간, 대파 약간을 넣고 간이 고르게 배도록 끓여주세요.
5. 재료가 충분히 익으면 청국장찌개를 완성해주세요."
돼지갈비찜,[재료] 돼지갈비 2근| 새송이버섯 2개| 양파 1/2개| 무 1/6개| 청양고추 2개| 홍고추 2개| 당근 1/3개| 대파 1대 [양념재료] 간장 2소주컵| 물 2소주컵| 맛술 1소주컵| 설탕 1소주컵| 간 마늘 1/2소주컵| 다진 생강 0.5| 참기름 1/3소주컵,"1. 돼지갈비를 깍둑썰기 해주세요.
[TERM:깍둑썰기]
2. 새송이버섯을 편썰기 해주세요.
[TERM:편썰기]
3. 양파, 청양고추, 홍고추, 대파를 어슷썰기 해주세요.
[TERM:어슷썰기]
4. 무를 나박썰기 해주세요.
[TERM:나박썰기]
5. 당근을 채썰기 해주세요.
[TERM:채썰기]
6. 손질한 돼지갈비, 새송이버섯, 양파, 청양고추, 홍고추, 대파, 무, 당근을 넣고 함께 익혀주세요.
7. 간장, 물, 맛술, 설탕, 간 마늘, 다진 생강, 참기름을 넣고 간이 고르게 배도록 끓여주세요.
8. 재료가 충분히 익으면 돼지갈비찜을 완성해주세요."
우엉조림,[재료] 우엉 2뿌리| 식초 1큰술 [양념] 물 2컵반| 간장 5큰술| 설탕 3큰술| 물엿 1큰술| 참기름 1큰술| 통깨 약간,"1. 물, 간장, 설탕, 물엿, 참기름, 통깨 약간, 식초를 섞어 양념장을 만들어주세요.
2. 냄비에 우엉을 넣고 양념장을 부어주세요.
3. 국물이 자작해질 때까지 졸여주세요.
[TERM:졸이다]
4. 국물이 충분히 졸아들면 우엉조림을 완성해주세요."
간장두부조림,[재료] 두부 1모| 대파 1대| 식용유 약간 [양념] 간장 4큰술| 물 2큰술| 미림 1큰술| 다진마늘 1큰술| 설탕 1+1/2큰술| 참기름 1큰술| 후추 약간| 통깨 약간| 소금 약간,"1. 대파를 어슷썰기 해주세요.
[TERM:어슷썰기]
2. 간장, 물, 미림, 다진마늘, 설탕, 참기름, 후추 약간, 통깨 약간, 소금 약간, 식용유 약간을 섞어 양념장을 만들어주세요.
3. 냄비에 대파, 두부를 넣고 양념장을 부어주세요.
4. 국물이 자작해질 때까지 졸여주세요.
[TERM:졸이다]
5. 국물이 충분히 졸아들면 간장두부조림을 완성해주세요."
닭갈비양념장,[재료] 손질된 닭 1마리 900g| 양배추 1/4통| 양파 1/2개| 대파 1대| 깻잎 5장| 감자 1개| 청양고추 2개 [양념] 간장 1/2컵| 고추장 1/2컵| 설탕 1/2컵| 청주 1/2컵| 다진 마늘 1/2컵| 고춧가루 1/2컵| 후춧가루 1작은술| 참기름 1큰술,"1. 양파, 대파, 청양고추를 어슷썰기 해주세요.
[TERM:어슷썰기]
2. 감자를 깍둑썰기 해주세요.
[TERM:깍둑썰기]
3. 손질된 닭, 양배추, 깻잎을 넣어주세요.
4. 손질한 양파, 대파, 청양고추, 감자를 넣고 함께 익혀주세요.
5. 간장, 고추장, 설탕, 청주, 다진 마늘, 고춧가루, 후춧가루, 참기름을 넣고 간이 고르게 배도록 끓여주세요.
6. 재료가 충분히 익으면 닭갈비양념장을 완성해주세요."
김치콩나물국,[재료] 콩나물 2공기| 신김치 1공기| 파 1대 [양념] 국간장 1숟갈| 소금 약간| 고추가루 1숟갈| 청양고추 1개| 마늘 1/2스푼,"1. 신김치를 채썰기 해주세요.
[TERM:채썰기]
2. 파를 어슷썰기 해주세요.
[TERM:어슷썰기]
3. 손질한 신김치, 파를 넣고 함께 익혀주세요.
4. 국간장, 소금 약간, 고추가루, 청양고추, 마늘을 넣고 간이 고르게 배도록 끓여주세요.
5. 재료가 충분히 익으면 김치콩나물국을 완성해주세요."
무조림,[재료] 작은 무 1/2개| 멸치 1줌| 대파 1대| 물 600ml [양념] 간장 2/3컵(종이컵)| 고추가루 4T| 설탕 2T| 다진마늘 1T| 들기름 1T| 생강 약간,"1. 작은 무를 나박썰기 해주세요.
[TERM:나박썰기]
2. 대파를 어슷썰기 해주세요.
[TERM:어슷썰기]
3. 간장, 고추가루, 설탕, 다진마늘, 들기름, 생강 약간을 섞어 양념장을 만들어주세요.
4. 냄비에 작은 무, 대파, 멸치를 넣고 양념장을 부어주세요.
5. 국물이 자작해질 때까지 졸여주세요.
[TERM:졸이다]
6. 국물이 충분히 졸아들면 무조림을 완성해주세요."
밀푀유나베,[재료] 불고기용or샤브샤브용 소고기 600g| 알배기 배추 10장| 깻잎 15장| 버섯 조금| 숙주 2줌 [육수용] 멸치 조금| 다시마 조금| 양파 1/2개| 무 조금| 물 8컵 [찍어먹는 소스] 간장 2T| 식초 2T| 설탕 1T| 물 1T,"1. 불고기용or샤브샤브용 소고기를 깍둑썰기 해주세요.
[TERM:깍둑썰기]
2. 버섯 조금을 편썰기 해주세요.
[TERM:편썰기]
3. 숙주는 깨끗이 씻어 물기를 빼주세요.
4. 멸치 조금, 다시마 조금, 양파, 무 조금, 물을 냄비에 넣고 끓여 국물을 준비해주세요.
5. 알배기 배추, 깻잎을 넣어주세요.
6. 손질한 불고기용or샤브샤브용 소고기, 버섯 조금을 넣고 함께 익혀주세요.
7. 간장, 식초, 설탕, 물을 넣고 간이 고르게 배도록 끓여주세요.
8. 재료가 충분히 익으면 밀푀유나베를 완성해주세요."
가지무침,[재료] 가지 2개 [양념] 진간장 3T| 고춧가루 1T| 설탕 1T| 참기름 1T| 마늘 1t| 파or청양고추 약간| 통깨 약간,"1. 손질한 가지를 끓는 물에 살짝 데쳐주세요.
[TERM:데치다]
2. 진간장, 고춧가루, 설탕, 참기름, 마늘, 파or청양고추 약간, 통깨 약간을 한데 섞어 양념을 만들어주세요.
3. 준비한 재료에 양념을 넣고 골고루 무쳐주세요.
4. 그릇에 담으면 가지무침이 완성됩니다."
오겹살수육,[재료] 돼지고기 오겹살 1kg| 된장 5T| 소주(청주) 5T| 다진 마늘 1T| 대파 2대| 양파 1+1/2개 | 통후추 약간,"1. 돼지고기 오겹살을 깍둑썰기 해주세요.
[TERM:깍둑썰기]
2. 대파, 양파를 어슷썰기 해주세요.
[TERM:어슷썰기]
3. 다진 마늘을 넣어주세요.
4. 손질한 돼지고기 오겹살, 대파, 양파를 넣고 함께 익혀주세요.
5. 된장, 소주, 통후추 약간을 넣고 간이 고르게 배도록 끓여주세요.
6. 재료가 충분히 익으면 오겹살수육을 완성해주세요."
갈치조림,[재료] 갈치| 무| 양파| 청양고추| 대파| 다시마 [양념] 간장| 설탕| 물엿| 고추가루| 다진마늘| 다진생강| 맛술| 후추,"1. 무를 나박썰기 해주세요.
[TERM:나박썰기]
2. 양파, 청양고추, 대파를 어슷썰기 해주세요.
[TERM:어슷썰기]
3. 다시마는 물에 불려 부드럽게 준비해주세요.
4. 간장, 설탕, 물엿, 고추가루, 다진마늘, 다진생강, 맛술, 후추를 섞어 양념장을 만들어주세요.
5. 냄비에 무, 양파, 청양고추, 대파, 갈치를 넣고 양념장을 부어주세요.
6. 국물이 자작해질 때까지 졸여주세요.
[TERM:졸이다]
7. 국물이 충분히 졸아들면 갈치조림을 완성해주세요."
가지볶음,[재료] 가지 2개| 청양고추 1개| 대파 1대 [양념] 양조간장 3스푼(밥수저)| 설탕 1스푼(밥수저)| 매실액 1스푼(밥수저)| 다진마늘 1/2스푼(밥수저),"1. 청양고추, 대파를 어슷썰기 해주세요.
[TERM:어슷썰기]
2. 팬에 기름을 두르고 가지를 먼저 볶아주세요.
3. 손질한 청양고추, 대파를 넣고 함께 볶아주세요.
4. 양조간장, 설탕, 매실액, 다진마늘을 넣고 재료 전체에 고르게 배도록 볶아주세요.
5. 재료가 충분히 볶아지면 가지볶음을 완성해주세요."
깻잎장아찌,[재료] 깻잎 100장| 진간장 1컵| 물 1컵| 설탕 1컵| 식초 1컵,"1. 손질한 깻잎을 끓는 물에 살짝 데쳐주세요.
[TERM:데치다]
2. 진간장, 설탕, 식초를 한데 섞어 양념을 만들어주세요.
3. 준비한 재료에 양념을 넣고 골고루 무쳐주세요.
4. 그릇에 담으면 깻잎장아찌가 완성됩니다."
감자짜글이,[재료 ] 스팸 1캔(작은 사이즈)| 감자 작은 거 3개| 양파 1/2개| 청양고추 2개| 대파 1/3대| 물 2컵 [양념 ] 고춧가루 2스푼| 고추장 1스푼| 다진 마늘 1스푼| 맛술 1스푼| 간장 3스푼| 설탕 1스푼| 된장 0.3스푼,"1. 스팸, 감자 작은 거를 깍둑썰기 해주세요.
[TERM:깍둑썰기]
2. 양파, 청양고추, 대파를 어슷썰기 해주세요.
[TERM:어슷썰기]
3. 손질한 스팸, 감자 작은 거, 양파, 청양고추, 대파를 넣고 함께 익혀주세요.
4. 고춧가루, 고추장, 다진 마늘, 맛술, 간장, 설탕, 된장을 넣고 간이 고르게 배도록 끓여주세요.
5. 재료가 충분히 익으면 감자짜글이를 완성해주세요."
만능소스갈비찜,[재료] 갈비찜고기 3근| 무| 당근| 양파| 표고버섯| 파| 고추 [양념] 간장 2컵| 설탕 1컵| 맛술 1컵| 물 2컵| 다진마늘 1/2컵| 참기름 1/3컵| 파 1컵| 다진생강 1숟갈,"1. 갈비찜고기를 깍둑썰기 해주세요.
[TERM:깍둑썰기]
2. 무를 나박썰기 해주세요.
[TERM:나박썰기]
3. 당근을 채썰기 해주세요.
[TERM:채썰기]
4. 양파, 파, 고추를 어슷썰기 해주세요.
[TERM:어슷썰기]
5. 표고버섯을 편썰기 해주세요.
[TERM:편썰기]
6. 손질한 갈비찜고기, 무, 당근, 양파, 파, 고추, 표고버섯을 넣고 함께 익혀주세요.
7. 간장, 설탕, 맛술, 물, 다진마늘, 참기름, 파, 다진생강을 넣고 간이 고르게 배도록 끓여주세요.
8. 재료가 충분히 익으면 만능소스갈비찜을 완성해주세요."
골뱅이소면무침,[재료] 골뱅이 1캔(400g짜리)| 당근 1/2개| 양파 1/2개| 오이 1/2개| 진미채 또는 북어채 적당량| 깻잎 취향껏| 대파 1/2대| 청양고추 취향껏| 소면 1줌 [양념장] 고추장 3.5 큰술| 고운 고춧가루 1 큰술| 설탕 3.5 큰술| 식초 3.5 큰술| 다진 마늘 1 큰술| 참기름 1 큰술| 통깨 적당량,"1. 당근을 채썰기 해주세요.
[TERM:채썰기]
2. 양파, 오이, 대파, 청양고추 취향껏을 어슷썰기 해주세요.
[TERM:어슷썰기]
3. 손질한 당근, 양파, 오이, 대파, 청양고추 취향껏, 골뱅이, 진미채 또는 북어채 적당량, 깻잎 취향껏, 소면을 끓는 물에 살짝 데쳐주세요.
[TERM:데치다]
4. 고추장, 고운 고춧가루, 설탕, 식초, 다진 마늘, 참기름, 통깨 적당량을 한데 섞어 양념을 만들어주세요.
5. 준비한 재료에 양념을 넣고 골고루 무쳐주세요.
6. 그릇에 담으면 골뱅이소면무침이 완성됩니다."
칠리새우,[재료] 칵테일 새우 1컵(종이컵)| 다진마늘 1스푼| 버터 1조각| 식용유 2스푼 [칠리소스] 케찹 2스푼| 고추가루 1스푼| 설탕 1스푼| 간장 1스푼| 식초 1스푼| 물 약간,"1. 칵테일 새우를 먹기 좋은 크기로 손질해주세요.
2. 다진마늘, 버터를 넣어주세요.
3. 손질한 칵테일 새우를 넣고 함께 익혀주세요.
4. 케찹, 고추가루, 설탕, 간장, 식초, 물 약간, 식용유를 넣고 간이 고르게 배도록 끓여주세요.
5. 재료가 충분히 익으면 칠리새우를 완성해주세요."
국물떡볶이,[재료] 밀가루떡 2컵| 어묵 2장| 파 1/2개| 육수 2컵 [양념] 고춧가루 2큰술| 고추장 1큰술| 국간장 2큰술| 설탕 3큰술| 다시다 1T,"1. 파를 어슷썰기 해주세요.
[TERM:어슷썰기]
2. 어묵을 넣어주세요.
3. 손질한 파를 넣고 함께 익혀주세요.
4. 고춧가루, 고추장, 국간장, 설탕, 다시다, 밀가루떡, 육수를 넣고 간이 고르게 배도록 끓여주세요.
5. 재료가 충분히 익으면 국물떡볶이를 완성해주세요."
떡갈비,[주재료] 소고기다진것 600g| 돼지고기다진것 400g [양념] 간장 7Ts| 설탕 3Ts| 올리고당 2Ts| 참기름 1Ts| 마늘 1Ts| 생강즙 2Ts| 배즙이나 양파즙 혹은 매실청 4Ts| 다진파 2Ts [유장] 참기름 1Ts| 간장 1ts| 꿀 1ts,"1. 소고기다진것, 돼지고기다진것을 깍둑썰기 해주세요.
[TERM:깍둑썰기]
2. 꿀을 넣어주세요.
3. 손질한 소고기다진것, 돼지고기다진것을 넣고 함께 익혀주세요.
4. 간장, 설탕, 올리고당, 참기름, 마늘, 생강즙, 배즙이나 양파즙 혹은 매실청, 다진파를 넣고 간이 고르게 배도록 끓여주세요.
5. 재료가 충분히 익으면 떡갈비를 완성해주세요."
대패삼겹살콩나물불고기,[재료] 대패삼겹살 500g| 콩나물 1봉지(300g)| 양파 1/2개| 새송이버섯 1개| 대파 1대| 청양고추 1개| 깻잎 10장 [양념] 고춧가루 3스푼| 고추장 3스푼| 간장 3스푼| 설탕 2스푼| 다진 마늘 2스푼| 맛술 3스푼,"1. 대패삼겹살을 깍둑썰기 해주세요.
[TERM:깍둑썰기]
2. 양파, 대파, 청양고추를 어슷썰기 해주세요.
[TERM:어슷썰기]
3. 새송이버섯을 편썰기 해주세요.
[TERM:편썰기]
4. 깻잎을 넣어주세요.
5. 손질한 대패삼겹살, 양파, 대파, 청양고추, 새송이버섯을 넣고 함께 익혀주세요.
6. 고춧가루, 고추장, 간장, 설탕, 다진 마늘, 맛술을 넣고 간이 고르게 배도록 끓여주세요.
7. 재료가 충분히 익으면 대패삼겹살콩나물불고기를 완성해주세요."
만두국,[재료] 만두 8개| 후추 약간| 소금 약간| 계란 1개| 양파 1/4~1/2개| 대파 1대| 국간장 1 큰 술 [육수] 건새우 1줌| 멸치 1줌| 다시마 2 개| 물 1.2L,"1. 양파, 대파를 어슷썰기 해주세요.
[TERM:어슷썰기]
2. 계란은 그릇에 풀어주세요.
3. 건새우, 멸치, 다시마, 물을 냄비에 넣고 끓여 국물을 준비해주세요.
4. 만두를 넣어주세요.
5. 손질한 양파, 대파를 넣고 함께 익혀주세요.
6. 후추 약간, 소금 약간, 국간장을 넣고 간이 고르게 배도록 끓여주세요.
7. 풀어둔 계란을 둘러가며 넣어 익혀주세요.
8. 재료가 충분히 익으면 만두국을 완성해주세요."
부추양파무침,[재료] 부추 1줌| 양파 1개 [양념] 간장 6T| 고추가루 4T| 식초 2T| 설탕 2T| 들기름 2T| 다진마늘 1T| 깨 약간,"1. 양파를 어슷썰기 해주세요.
[TERM:어슷썰기]
2. 손질한 양파, 부추를 끓는 물에 살짝 데쳐주세요.
[TERM:데치다]
3. 간장, 고추가루, 식초, 설탕, 들기름, 다진마늘, 깨 약간을 한데 섞어 양념을 만들어주세요.
4. 준비한 재료에 양념을 넣고 골고루 무쳐주세요.
5. 그릇에 담으면 부추양파무침이 완성됩니다."
도토리묵무침,[재료] 도토리묵 1/2팩| 상추 6-7장| 깻잎 5장| 당근(색 내기용) 조금 [양념] 고춧가루 1.5큰술| 진간장 5큰술| 매실청 1큰술| 설탕 1큰술| 통깨 1큰술| 대파 1/3개| 청양고추(선택) 1개,"1. 당근 조금을 채썰기 해주세요.
[TERM:채썰기]
2. 손질한 당근 조금, 도토리묵, 상추, 깻잎을 끓는 물에 살짝 데쳐주세요.
[TERM:데치다]
3. 고춧가루, 진간장, 매실청, 설탕, 통깨, 대파, 청양고추를 한데 섞어 양념을 만들어주세요.
4. 준비한 재료에 양념을 넣고 골고루 무쳐주세요.
5. 그릇에 담으면 도토리묵무침이 완성됩니다."
양파오이무침,[재료] 오이 1개| 양파 1/2개 [양념] 소금 1큰술| 고춧가루 2큰술| 간장 1큰술| 식초 2큰술| 설탕 1/2큰술| 매실 1큰술| 다진 마늘 1/2큰술| 갈은 깨 1큰술| 참기름 1/2큰술,"1. 오이, 양파를 어슷썰기 해주세요.
[TERM:어슷썰기]
2. 손질한 오이, 양파를 끓는 물에 살짝 데쳐주세요.
[TERM:데치다]
3. 소금, 고춧가루, 간장, 식초, 설탕, 매실, 다진 마늘, 갈은 깨, 참기름을 한데 섞어 양념을 만들어주세요.
4. 준비한 재료에 양념을 넣고 골고루 무쳐주세요.
5. 그릇에 담으면 양파오이무침이 완성됩니다."
육회,[재료] 소고기(앞다리/우둔/엉덩이) 1/2근| 배 1/3개| 쪽파 2대| 계란 노른자 1알 [양념장] 소금 1/2T| 설탕 1/2T| 국간장 1/2T| 참기름 1T| 매실액 1/2T| 다진마늘 1T| 통깨 1/2T,"1. 소고기앞다리를 깍둑썰기 해주세요.
[TERM:깍둑썰기]
2. 쪽파를 어슷썰기 해주세요.
[TERM:어슷썰기]
3. 계란 노른자는 그릇에 풀어주세요.
4. 배를 넣어주세요.
5. 손질한 소고기앞다리, 쪽파를 넣고 함께 익혀주세요.
6. 소금, 설탕, 국간장, 참기름, 매실액, 다진마늘, 통깨를 넣고 간이 고르게 배도록 끓여주세요.
7. 풀어둔 계란 노른자를 둘러가며 넣어 익혀주세요.
8. 재료가 충분히 익으면 육회를 완성해주세요."
떡국,[재료] 떡국 떡 (밥그릇으로) 2 공기 정도| 국거리 소고기 200g 정도| 대파 1/2대| 계란 2개| 물 800ml| 다진 마늘 1 큰 술| 국간장 1 큰 술| 액젓 1/2 큰 술| 참기름 1 큰 술| 식용유 1 큰 술| 소금 약간| 후춧가루 약간,"1. 국거리 소고기를 깍둑썰기 해주세요.
[TERM:깍둑썰기]
2. 대파를 어슷썰기 해주세요.
[TERM:어슷썰기]
3. 계란은 그릇에 풀어주세요.
4. 떡국 떡, 다진 마늘을 넣어주세요.
5. 손질한 국거리 소고기, 대파를 넣고 함께 익혀주세요.
6. 국간장, 액젓, 참기름, 식용유, 소금 약간, 후춧가루 약간을 넣고 간이 고르게 배도록 끓여주세요.
7. 풀어둔 계란을 둘러가며 넣어 익혀주세요.
8. 재료가 충분히 익으면 떡국을 완성해주세요."
참치마요덮밥,[재료] 밥 1공기| 달걀 2개| 참치 1캔| 마요네즈 2T| 다진양파 1T| 양파 1/2개| 맛술 2T| 간장 2T| 올리고당 2T| 쪽파 2줄기 | 김가루 약간 ,"1. 양파, 쪽파를 어슷썰기 해주세요.
[TERM:어슷썰기]
2. 달걀은 그릇에 풀어주세요.
3. 다진양파, 밥, 참치, 김가루 약간을 넣어주세요.
4. 손질한 양파, 쪽파를 넣고 함께 익혀주세요.
5. 마요네즈, 맛술, 간장, 올리고당을 넣고 간이 고르게 배도록 끓여주세요.
6. 풀어둔 달걀을 둘러가며 넣어 익혀주세요.
7. 재료가 충분히 익으면 참치마요덮밥을 완성해주세요."
양배추어묵볶음,[재료] 어묵 4장| 양배추 2장| 당근 조금| 대파 1개 [양념] 간장 3T| 굴소스 1T| 물엿 3T| 참기름 1T,"1. 당근 조금을 채썰기 해주세요.
[TERM:채썰기]
2. 대파를 어슷썰기 해주세요.
[TERM:어슷썰기]
3. 팬에 기름을 두르고 어묵, 양배추를 먼저 볶아주세요.
4. 손질한 당근 조금, 대파를 넣고 함께 볶아주세요.
5. 간장, 굴소스, 물엿, 참기름을 넣고 재료 전체에 고르게 배도록 볶아주세요.
6. 재료가 충분히 볶아지면 양배추어묵볶음을 완성해주세요."
오이소박이,[재료] 오이 4개| 양파 1개| 당근 1/3개| 부추 1줌| 물 800ml| 소금 4T [양념] 멸치액젓 2T| 새우젓 1/3T| 고추가루 4T| 다진마늘 1T| 설탕 1T,"1. 오이, 양파를 어슷썰기 해주세요.
[TERM:어슷썰기]
2. 당근을 채썰기 해주세요.
[TERM:채썰기]
3. 부추를 넣어주세요.
4. 손질한 오이, 양파, 당근을 넣고 함께 익혀주세요.
5. 멸치액젓, 새우젓, 고추가루, 다진마늘, 설탕, 소금을 넣고 간이 고르게 배도록 끓여주세요.
6. 재료가 충분히 익으면 오이소박이를 완성해주세요."
두부강정,[재료] 두부 1/2모 [양념] 부침가루 1/2컵| 케찹 3큰술| 설탕 1큰술| 올리고당 2큰술| 간장 2큰술| 다진마늘 1큰술,"1. 두부를 넣어주세요.
2. 부침가루, 케찹, 설탕, 올리고당, 간장, 다진마늘을 넣고 간이 고르게 배도록 끓여주세요.
3. 재료가 충분히 익으면 두부강정을 완성해주세요."
스팸감자볶음,[재료] 감자(중간사이즈) 2개| 스팸 200g| 양파 1/2개 [양념] 진간장 2T| 물엿 2T| 물 3~4T| 식용유 1T| 참기름 1T,"1. 감자, 스팸을 깍둑썰기 해주세요.
[TERM:깍둑썰기]
2. 양파를 어슷썰기 해주세요.
[TERM:어슷썰기]
3. 팬에 기름을 두르고 스팸을 먼저 볶아주세요.
4. 손질한 감자, 양파를 넣고 함께 볶아주세요.
5. 진간장, 물엿, 물, 식용유, 참기름을 넣고 재료 전체에 고르게 배도록 볶아주세요.
6. 재료가 충분히 볶아지면 스팸감자볶음을 완성해주세요."
배추겉절이,[재료] 알배추 1통| 쪽파 10개| 굵은소금 1/2컵 [양념재료] 참기름 1스푼| 새우젓 1스푼| 액젓 3스푼| 고추가루 6스푼| 설탕 1스푼| 마늘 1스푼| 매실청 2스푼| 소금 약간,"1. 쪽파를 어슷썰기 해주세요.
[TERM:어슷썰기]
2. 손질한 쪽파, 알배추를 끓는 물에 살짝 데쳐주세요.
[TERM:데치다]
3. 참기름, 새우젓, 액젓, 고추가루, 설탕, 마늘, 매실청, 소금 약간, 굵은소금을 한데 섞어 양념을 만들어주세요.
4. 준비한 재료에 양념을 넣고 골고루 무쳐주세요.
5. 그릇에 담으면 배추겉절이가 완성됩니다."
군고구마,[재료] 군 고구마 적당량| 종이포일,"1. 군 고구마 적당량을 깍둑썰기 해주세요.
[TERM:깍둑썰기]
2. 종이포일을 넣어주세요.
3. 손질한 군 고구마 적당량을 넣고 함께 익혀주세요.
4. 재료가 충분히 익으면 군고구마를 완성해주세요."
매운등갈비찜,[재료] 등갈비 1kg| 청양고추 2개| 떡 2줌| 물 7컵| 청주 1/2컵 [육수재료] 양파 1/2개| 대파 1/2뿌리| 월계수잎 2장| 통후추 20알 [양념] 고춧가루 5T| 간장 5T| 다진마늘 매실액 2T| 참기름 1T| 물엿 2T| 맛술 2T| 과일즙 2T| 소금 약간 | 후춧가루 약간,"1. 등갈비를 깍둑썰기 해주세요.
[TERM:깍둑썰기]
2. 청양고추를 어슷썰기 해주세요.
[TERM:어슷썰기]
3. 양파, 대파, 월계수잎, 통후추를 냄비에 넣고 끓여 국물을 준비해주세요.
4. 떡을 넣어주세요.
5. 손질한 등갈비, 청양고추를 넣고 함께 익혀주세요.
6. 고춧가루, 간장, 다진마늘 매실액, 참기름, 물엿, 맛술, 과일즙, 소금 약간, 후춧가루 약간, 청주를 넣고 간이 고르게 배도록 끓여주세요.
7. 재료가 충분히 익으면 매운등갈비찜을 완성해주세요."
미역줄기볶음,[재료] 염장 미역줄기 1팩(300g)| 당근 1/6개| 양파(중) 1/3개| 식용유 2큰술| 다진마늘 1큰술| 국간장 1/2큰술| 참기름 1큰술| 깨 1/2큰술,"1. 당근을 채썰기 해주세요.
[TERM:채썰기]
2. 양파를 어슷썰기 해주세요.
[TERM:어슷썰기]
3. 염장 미역줄기는 물에 불려 부드럽게 준비해주세요.
4. 팬에 기름을 두르고 다진마늘을 먼저 볶아주세요.
5. 손질한 당근, 양파를 넣고 함께 볶아주세요.
6. 식용유, 국간장, 참기름, 깨를 넣고 재료 전체에 고르게 배도록 볶아주세요.
7. 재료가 충분히 볶아지면 미역줄기볶음을 완성해주세요."
고추장삼겹살,[재료] 삼겹살 300-400g| 양파 [양념] 고추가루 1T| 고추장 1T| 간장 1T| 설탕 1T| 올리고당 1T| 미림(or청주) 1T| 다진마늘 1T| 참기름 1T,"1. 삼겹살을 깍둑썰기 해주세요.
[TERM:깍둑썰기]
2. 양파를 어슷썰기 해주세요.
[TERM:어슷썰기]
3. 손질한 삼겹살, 양파를 넣고 함께 익혀주세요.
4. 고추가루, 고추장, 간장, 설탕, 올리고당, 미림, 다진마늘, 참기름을 넣고 간이 고르게 배도록 끓여주세요.
5. 재료가 충분히 익으면 고추장삼겹살을 완성해주세요."
감자조림,[필수재료] 감자 2개(360g)| 물 1cup [양념재료] 간장 5T| 설탕 1T| 물엿 2T| 다진 마늘 1/2T| 참깨 1/2T| 참기름 1T,"1. 감자를 깍둑썰기 해주세요.
[TERM:깍둑썰기]
2. 간장, 설탕, 물엿, 다진 마늘, 참깨, 참기름을 섞어 양념장을 만들어주세요.
3. 냄비에 감자를 넣고 양념장을 부어주세요.
4. 국물이 자작해질 때까지 졸여주세요.
[TERM:졸이다]
5. 국물이 충분히 졸아들면 감자조림을 완성해주세요."
갈치조림양념장,[재료] 갈치 1마리| 감자 1개| 쪽판 약간| 양파 1/2개 [양념] 간장 3T| 고춧가루 4T| 매실 액기스 2T| 미림 2T| 다진마늘| 물 약간,"1. 감자를 깍둑썰기 해주세요.
[TERM:깍둑썰기]
2. 양파를 어슷썰기 해주세요.
[TERM:어슷썰기]
3. 간장, 고춧가루, 매실 액기스, 미림, 다진마늘, 물 약간을 섞어 양념장을 만들어주세요.
4. 냄비에 감자, 양파, 갈치, 쪽판 약간을 넣고 양념장을 부어주세요.
5. 국물이 자작해질 때까지 졸여주세요.
[TERM:졸이다]
6. 국물이 충분히 졸아들면 갈치조림양념장을 완성해주세요."
삼겹살김치말이찜,[재료] 삼겹살 2근| 김치 1/2포기| 대파 2대| 홍고추 1개| 청양고추 2개| 사골곰탕(시판용) 2봉| 고추장 1T,"1. 삼겹살을 깍둑썰기 해주세요.
[TERM:깍둑썰기]
2. 김치를 채썰기 해주세요.
[TERM:채썰기]
3. 대파, 홍고추, 청양고추를 어슷썰기 해주세요.
[TERM:어슷썰기]
4. 손질한 삼겹살, 김치, 대파, 홍고추, 청양고추를 넣고 함께 익혀주세요.
5. 고추장을 넣고 간이 고르게 배도록 끓여주세요.
6. 재료가 충분히 익으면 삼겹살김치말이찜을 완성해주세요."
크림파스타,[재료] 올리브유 약간| 파스타면 1인분| 베이컨 작은 거 4장| 체다치즈 2장| 소금 약간| 후추 약간| 흰우유 180ml| 양송이버섯 2개| 다진 마늘 1스푼| 버터 1숟갈| 채 썬 양파 적당량,"1. 파스타면, 채 썬 양파 적당량을 어슷썰기 해주세요.
[TERM:어슷썰기]
2. 베이컨 작은 거를 깍둑썰기 해주세요.
[TERM:깍둑썰기]
3. 양송이버섯을 편썰기 해주세요.
[TERM:편썰기]
4. 다진 마늘, 올리브유 약간, 체다치즈, 버터를 넣어주세요.
5. 손질한 파스타면, 채 썬 양파 적당량, 베이컨 작은 거, 양송이버섯을 넣고 함께 익혀주세요.
6. 소금 약간, 후추 약간을 넣고 간이 고르게 배도록 끓여주세요.
7. 재료가 충분히 익으면 크림파스타를 완성해주세요."
쌈장,[재료] 된장 2큰술| 고춧가루 1큰술| 설탕 1큰술| 대파 1/2대| 청양고추 2개| 통깨 약간| 참기름 약간,"1. 대파, 청양고추를 어슷썰기 해주세요.
[TERM:어슷썰기]
2. 손질한 대파, 청양고추를 넣고 함께 익혀주세요.
3. 된장, 고춧가루, 설탕, 통깨 약간, 참기름 약간을 넣고 간이 고르게 배도록 끓여주세요.
4. 재료가 충분히 익으면 쌈장을 완성해주세요."
돼지고기김치찜,[재료] 돼지고기 600g| 김치 1/4포기| 양파 1/2개| 청양고추 1~2개| 대파 1/2대| 고춧가루 3스푼 [돼지고기 밑간] 다진 마늘 1스푼| 생강가루 0.3스푼| 청주 3스푼| 후춧가루 약간 [양념재료 ] 물 3컵| 된장 0.5스푼| 국간장 5스푼| 설탕 2스푼,"1. 돼지고기를 깍둑썰기 해주세요.
[TERM:깍둑썰기]
2. 김치를 채썰기 해주세요.
[TERM:채썰기]
3. 양파, 청양고추, 대파를 어슷썰기 해주세요.
[TERM:어슷썰기]
4. 다진 마늘, 생강가루, 청주, 후춧가루 약간을 섞어 밑간을 만들고, 주재료에 미리 배어들게 재워주세요.
5. 손질한 돼지고기, 김치, 양파, 청양고추, 대파를 넣고 함께 익혀주세요.
6. 물, 된장, 국간장, 설탕, 고춧가루를 넣고 간이 고르게 배도록 끓여주세요.
7. 재료가 충분히 익으면 돼지고기김치찜을 완성해주세요."
시금치무침,[재료] 시금치 1단| 소금 1/2스푼| 다진마늘 1/2스푼| 국간장 2스푼| 참기름 1스푼| 깨소금 or 통깨 약간,"1. 손질한 다진마늘, 시금치를 끓는 물에 살짝 데쳐주세요.
[TERM:데치다]
2. 소금, 국간장, 참기름, 깨소금 or 통깨 약간을 한데 섞어 양념을 만들어주세요.
3. 준비한 재료에 양념을 넣고 골고루 무쳐주세요.
4. 그릇에 담으면 시금치무침이 완성됩니다."
간장찜닭,[재료] 닭 1마리| 감자 작은거 4개| 양파 중간크기 1개| 당근 1/2개| 송송 썬 대파 1컵| 우유 200ml| 납작당면 1줌 [양념] 간장 1컵| 맛술 1/2컵| 설탕 1/2컵| 간 생강 조금| 다진 마늘 1스푼| 참기름 1스푼| 물 2컵| 통깨 적당량,"1. 닭, 감자 작은거를 깍둑썰기 해주세요.
[TERM:깍둑썰기]
2. 양파 중간크기, 송송 썬 대파를 어슷썰기 해주세요.
[TERM:어슷썰기]
3. 당근을 채썰기 해주세요.
[TERM:채썰기]
4. 납작당면은 물에 불려 부드럽게 준비해주세요.
5. 손질한 닭, 감자 작은거, 양파 중간크기, 송송 썬 대파, 당근을 넣고 함께 익혀주세요.
6. 간장, 맛술, 설탕, 간 생강 조금, 다진 마늘, 참기름, 물, 통깨 적당량을 넣고 간이 고르게 배도록 끓여주세요.
7. 재료가 충분히 익으면 간장찜닭을 완성해주세요."
김치비지찌개,[재료] 콩비지 1컵| 김치 1컵| 찌개용돼지고기 200g| 새우젓 0.5숟가락| 고춧가루 1숟가락| 다진마늘 1숟가락| 대파 1/2뿌리| 홍고추 1개| 물 적당량| 김치국물 1/3컵| 들기름 2숟가락,"1. 김치를 채썰기 해주세요.
[TERM:채썰기]
2. 찌개용돼지고기를 깍둑썰기 해주세요.
[TERM:깍둑썰기]
3. 새우젓을 먹기 좋은 크기로 손질해주세요.
4. 대파, 홍고추를 어슷썰기 해주세요.
[TERM:어슷썰기]
5. 다진마늘, 콩비지를 넣어주세요.
6. 손질한 김치, 찌개용돼지고기, 새우젓, 대파, 홍고추를 넣고 함께 익혀주세요.
7. 고춧가루, 들기름을 넣고 간이 고르게 배도록 끓여주세요.
8. 재료가 충분히 익으면 김치비지찌개를 완성해주세요."
닭갈비,[재료] 닭안심 500g| 양파 1개| 당근 약간| 양배추 1+1/2줌| 감자 1개| 깻잎 10장| 식용유 2T [양념] 간장 5T| 고추장 3T| 고추가루 3T| 맛술 3T| 설탕 2T| 들기름 2T| 카레가루 0.5T| 다진마늘 1T| 후추 5번톡톡| 맛소금 1티스푼,"1. 닭안심, 감자를 깍둑썰기 해주세요.
[TERM:깍둑썰기]
2. 양파를 어슷썰기 해주세요.
[TERM:어슷썰기]
3. 당근 약간을 채썰기 해주세요.
[TERM:채썰기]
4. 양배추, 깻잎을 넣어주세요.
5. 손질한 닭안심, 감자, 양파, 당근 약간을 넣고 함께 익혀주세요.
6. 간장, 고추장, 고추가루, 맛술, 설탕, 들기름, 카레가루, 다진마늘, 후추, 맛소금, 식용유를 넣고 간이 고르게 배도록 끓여주세요.
7. 재료가 충분히 익으면 닭갈비를 완성해주세요."
김치부침개,[재료] 김치 1국그릇| 부침가루 2종이컵| 물 2컵| 청양고추 2개| 참치캔 1캔| 식용유 기호에맞게,"1. 김치를 채썰기 해주세요.
[TERM:채썰기]
2. 청양고추를 어슷썰기 해주세요.
[TERM:어슷썰기]
3. 부침가루, 참치캔을 넣어주세요.
4. 손질한 김치, 청양고추를 넣고 함께 익혀주세요.
5. 식용유 기호에맞게를 넣고 간이 고르게 배도록 끓여주세요.
6. 재료가 충분히 익으면 김치부침개를 완성해주세요."
수육,[재료] 수육용 삼겹살 1근| 굴소스 약간| 후추 조금| 파 1대| 마늘 9알| 된장 2큰술| 생강 작은 것 1개| 월계수잎 4-5닢,"1. 수육용 삼겹살을 깍둑썰기 해주세요.
[TERM:깍둑썰기]
2. 파를 어슷썰기 해주세요.
[TERM:어슷썰기]
3. 마늘을 다지기 해주세요.
[TERM:다지기]
4. 생강 작은 것을 넣어주세요.
5. 손질한 수육용 삼겹살, 파, 마늘을 넣고 함께 익혀주세요.
6. 굴소스 약간, 후추 조금, 된장, 월계수잎을 넣고 간이 고르게 배도록 끓여주세요.
7. 재료가 충분히 익으면 수육을 완성해주세요."
돼지고기목살김치찌개,[재료] 배추김치420g| 돼지목살300g| 멸치육수3컵| 대파1/4대| 양파1/4개 [양념] 다진마늘1숟갈| 고추가루1숟갈| 국간장2숟갈| 김치국물4숟갈| 참기름1숟갈| 후추 약간,"1. 배추김치를 채썰기 해주세요.
[TERM:채썰기]
2. 돼지목살을 깍둑썰기 해주세요.
[TERM:깍둑썰기]
3. 대파, 양파를 어슷썰기 해주세요.
[TERM:어슷썰기]
4. 손질한 배추김치, 돼지목살, 대파, 양파를 넣고 함께 익혀주세요.
5. 다진마늘, 고추가루, 국간장, 김치국물, 참기름, 후추 약간, 멸치육수를 넣고 간이 고르게 배도록 끓여주세요.
6. 재료가 충분히 익으면 돼지고기목살김치찌개를 완성해주세요."
닭곰탕,[재료] 닭 1마리| 양파| 대파| 후추 통마늘| 청주 or 소주| 월계수잎(생략가능)| 다진마늘 1스푼| 소금,"1. 닭을 깍둑썰기 해주세요.
[TERM:깍둑썰기]
2. 양파, 대파를 어슷썰기 해주세요.
[TERM:어슷썰기]
3. 다진마늘을 넣어주세요.
4. 손질한 닭, 양파, 대파를 넣고 함께 익혀주세요.
5. 후추 통마늘, 청주 or 소주, 월계수잎, 소금을 넣고 간이 고르게 배도록 끓여주세요.
6. 재료가 충분히 익으면 닭곰탕을 완성해주세요."
오징어무국,[재료] 오징어 1마리| 무| 멸치| 다시마| 디포리| 다진마늘| 소금| 대파,"1. 오징어를 먹기 좋은 크기로 손질해주세요.
2. 무를 나박썰기 해주세요.
[TERM:나박썰기]
3. 대파를 어슷썰기 해주세요.
[TERM:어슷썰기]
4. 다시마는 물에 불려 부드럽게 준비해주세요.
5. 다진마늘, 멸치, 디포리를 넣어주세요.
6. 손질한 오징어, 무, 대파를 넣고 함께 익혀주세요.
7. 소금을 넣고 간이 고르게 배도록 끓여주세요.
8. 재료가 충분히 익으면 오징어무국을 완성해주세요."
달걀밥,[필수 재료] 밥 1/2공기| 달걀 2개| 물 100ml| 햄 or 스팸 1/4개(30g)| 다진 대파 1T| 피자치즈 1/2cup| 슬라이스 치즈 1/2장 [양념 재료] 간장 1/2T| 소금 약간| 후추 약간,"1. 햄 or 스팸을 깍둑썰기 해주세요.
[TERM:깍둑썰기]
2. 달걀은 그릇에 풀어주세요.
3. 다진 대파, 슬라이스 치즈, 밥, 피자치즈를 넣어주세요.
4. 손질한 햄 or 스팸을 넣고 함께 익혀주세요.
5. 간장, 소금 약간, 후추 약간을 넣고 간이 고르게 배도록 끓여주세요.
6. 풀어둔 달걀을 둘러가며 넣어 익혀주세요.
7. 재료가 충분히 익으면 달걀밥을 완성해주세요."
열무김치,[열무|얼갈이배추|무|홍고추|양파|사과|쌀밥|마늘|생강|대파|새우젓|멸치액젓|당근|] 열무 1단| 얼갈이배추 1단| 무 1개| 쌀밥 1공기| 마늘 2~3통분량| 실파 1웅큼| 양파 1개| 사과 1/2~1개| 당근 1/3개| 청양홍고추 10개정도 [새우젓|멸치액젓|마늘|생강|굵은소금|고춧가루] 새우젓 3~4큰술| 멸치액젓 1/2컵(종이컵)| 마늘 3통분량| 생강 1조각(밤알크기)| 고추가루 3~4큰술| 굵은소금 200g정도,"1. 열무, 무를 나박썰기 해주세요.
[TERM:나박썰기]
2. 마늘을 다지기 해주세요.
[TERM:다지기]
3. 실파, 양파, 청양홍고추를 어슷썰기 해주세요.
[TERM:어슷썰기]
4. 당근을 채썰기 해주세요.
[TERM:채썰기]
5. 새우젓을 먹기 좋은 크기로 손질해주세요.
6. 얼갈이배추, 쌀밥, 사과, 생강을 넣어주세요.
7. 손질한 열무, 무, 마늘, 실파, 양파, 청양홍고추, 당근, 새우젓을 넣고 함께 익혀주세요.
8. 멸치액젓, 고추가루, 굵은소금을 넣고 간이 고르게 배도록 끓여주세요.
9. 재료가 충분히 익으면 열무김치를 완성해주세요."
양념치킨,[재료] 닭 1마리| 튀김가루| 우유| 맛소금| 후추 [양념] 물엿 2.5컵| 케찹 1컵| 간마늘 1컵| 고추가루 1/2컵| 설탕 1컵| 물 1/2컵| 간장 1/2컵| 고추장 1/2컵,"1. 닭을 깍둑썰기 해주세요.
[TERM:깍둑썰기]
2. 튀김가루를 넣어주세요.
3. 손질한 닭을 넣고 함께 익혀주세요.
4. 물엿, 케찹, 간마늘, 고추가루, 설탕, 물, 간장, 고추장, 맛소금, 후추를 넣고 간이 고르게 배도록 끓여주세요.
5. 재료가 충분히 익으면 양념치킨을 완성해주세요."
코다리조림,[재료] 코다리 2마리| 무 1/2개| 양파 1/2개| 대파 2대| 청양고추 3개 [양념] 간마늘 1숟가락| 진간장 1/2컵| 설탕 2숟가락| 액젓 2숟가락| 고춧가루 2숟가락| 고추장 1숟가락| 물 3컵| 물엿 1숟가락,"1. 무를 나박썰기 해주세요.
[TERM:나박썰기]
2. 양파, 대파, 청양고추를 어슷썰기 해주세요.
[TERM:어슷썰기]
3. 간마늘, 진간장, 설탕, 액젓, 고춧가루, 고추장, 물, 물엿을 섞어 양념장을 만들어주세요.
4. 냄비에 무, 양파, 대파, 청양고추, 코다리를 넣고 양념장을 부어주세요.
5. 국물이 자작해질 때까지 졸여주세요.
[TERM:졸이다]
6. 국물이 충분히 졸아들면 코다리조림을 완성해주세요."
가지밥,[가지밥 재료] 현미(또는 백미) 2컵| 어슷 썬 가지 2컵| 송송 썬 파 1컵| 올리브유 (또는 식용유) 4큰술| 간장 3큰술 [양념장(4인분 이상)] 다진부추 1/2컵| 다진파 1/2컵| 간마늘 1/2큰술| 고춧가루 2큰술| 설탕 약간| 참기름 약간| 통깨 적당량| 간장 적당량,"1. 송송 썬 파를 어슷썰기 해주세요.
[TERM:어슷썰기]
2. 현미, 어슷 썬 가지, 올리브유를 넣어주세요.
3. 손질한 송송 썬 파를 넣고 함께 익혀주세요.
4. 다진부추, 다진파, 간마늘, 고춧가루, 설탕 약간, 참기름 약간, 통깨 적당량, 간장 적당량, 간장을 넣고 간이 고르게 배도록 끓여주세요.
5. 재료가 충분히 익으면 가지밥을 완성해주세요."
참치감자조림,[재료] 감자 1개| 참치캔 1개| 작은양파 1개| 작은대파 1대| 청량초 2개| 다시물 1/2종이컵 [양념] 고추장 1큰술| 간장 2큰술| 고춧가루 1큰술반| 다진마늘 1큰술| 자일로스설탕 1큰술| 후추 톡톡톡,"1. 감자를 깍둑썰기 해주세요.
[TERM:깍둑썰기]
2. 작은양파, 작은대파를 어슷썰기 해주세요.
[TERM:어슷썰기]
3. 고추장, 간장, 고춧가루, 다진마늘, 자일로스설탕, 후추 톡톡톡을 섞어 양념장을 만들어주세요.
4. 냄비에 감자, 작은양파, 작은대파, 참치캔, 청량초를 넣고 양념장을 부어주세요.
5. 국물이 자작해질 때까지 졸여주세요.
[TERM:졸이다]
6. 국물이 충분히 졸아들면 참치감자조림을 완성해주세요."
소불고기전골,[소불고기 재우기] 한우 불고기 500g| 설탕 4큰술| 다진 마늘 2큰술| 대파 1/2대| 액젓 4큰술| 참기름 1큰술 [부재료] 표고버섯 2-3개| 팽이버섯 적당량| 느타리버섯 적당량 [전골 양념장] 다진 마늘 1큰술| 설탕 1큰술| 진간장 2큰술| 물 자작하게| 참기름 1큰술,"1. 대파를 어슷썰기 해주세요.
[TERM:어슷썰기]
2. 표고버섯, 팽이버섯 적당량, 느타리버섯 적당량을 편썰기 해주세요.
[TERM:편썰기]
3. 다진 마늘, 한우 불고기를 넣어주세요.
4. 손질한 대파, 표고버섯, 팽이버섯 적당량, 느타리버섯 적당량을 넣고 함께 익혀주세요.
5. 다진 마늘, 설탕, 진간장, 물 자작하게, 참기름, 액젓을 넣고 간이 고르게 배도록 끓여주세요.
6. 재료가 충분히 익으면 소불고기전골을 완성해주세요."
차돌된장찌개,[재료] 차돌박이 120g| 양파 1/3개| 애호박 1토막(3센티)| 두부 1/3모| 버섯 약간| 대파 적당히 [양념] 된장 2T| 고추가루 1T| 맛술 1T| 멸치가루 2T| 다진마늘 1/2T| 청주 1T,"1. 차돌박이를 깍둑썰기 해주세요.
[TERM:깍둑썰기]
2. 양파, 대파 적당히를 어슷썰기 해주세요.
[TERM:어슷썰기]
3. 애호박을 반달썰기 해주세요.
[TERM:반달썰기]
4. 버섯 약간을 편썰기 해주세요.
[TERM:편썰기]
5. 두부를 넣어주세요.
6. 손질한 차돌박이, 양파, 대파 적당히, 애호박, 버섯 약간을 넣고 함께 익혀주세요.
7. 된장, 고추가루, 맛술, 멸치가루, 다진마늘, 청주를 넣고 간이 고르게 배도록 끓여주세요.
8. 재료가 충분히 익으면 차돌된장찌개를 완성해주세요."
사골황태국,[재료] 황태포 1마리(45g)| 들기름 5큰술(밥숟가락)| 물 1리터| 감자 작은 것 1개| 대파 채 약간| 소금 약간| 후추 약간,"1. 감자 작은 것을 깍둑썰기 해주세요.
[TERM:깍둑썰기]
2. 대파 채 약간을 어슷썰기 해주세요.
[TERM:어슷썰기]
3. 황태포를 넣어주세요.
4. 손질한 감자 작은 것, 대파 채 약간을 넣고 함께 익혀주세요.
5. 들기름, 소금 약간, 후추 약간을 넣고 간이 고르게 배도록 끓여주세요.
6. 재료가 충분히 익으면 사골황태국을 완성해주세요."
LA갈비찜,[재료] LA갈비 1300g| 무| 당근| 밤| 대추| 은행 [양념] 진강장 1/2컵(수저로 11수저)| 마늘 2수저| 생강 1/2수저| 매실청 2수저| 물엿 1수저| 후추| 참기름 1수저| 양파 1개| 배 1/2개| 청주(소주) 2수저| 다시마육수(생수)3컵,"1. LA갈비를 깍둑썰기 해주세요.
[TERM:깍둑썰기]
2. 무를 나박썰기 해주세요.
[TERM:나박썰기]
3. 당근을 채썰기 해주세요.
[TERM:채썰기]
4. 밤, 대추, 은행을 넣어주세요.
5. 손질한 LA갈비, 무, 당근을 넣고 함께 익혀주세요.
6. 진강장, 마늘, 생강, 매실청, 물엿, 후추, 참기름, 양파, 배, 청주, 다시마육수를 넣고 간이 고르게 배도록 끓여주세요.
7. 재료가 충분히 익으면 LA갈비찜을 완성해주세요."
총각김치,[재료] 알타리 6단| 쪽파 큰거 1단 [양념] 고춧가루 5공기| 굵은소금 1공기| 굵은소금 1줌| 새우젓 1공기| 양념장 2공기| 설탕 1공기 [밀가루풀 재료] 물 5컵| 밀가루 2컵,"1. 쪽파 큰거를 어슷썰기 해주세요.
[TERM:어슷썰기]
2. 알타리를 넣어주세요.
3. 손질한 쪽파 큰거를 넣고 함께 익혀주세요.
4. 고춧가루, 굵은소금, 새우젓, 양념장, 설탕, 밀가루를 넣고 간이 고르게 배도록 끓여주세요.
5. 재료가 충분히 익으면 총각김치를 완성해주세요."
소고기찹스테이크,[재료] 소고기 300g| 양파 1/2개| 표고버섯 3개| 통마늘 7쪽| 후추 약간| 버터 1/2T [고기밑간] 올리브유 1T| 허브솔트 약간| 맛술 1T [스테이크소스] 돈까스소스 4T| 케찹 1T| 굴소스 1T| 올리고당 1T| 물 1T,"1. 소고기를 깍둑썰기 해주세요.
[TERM:깍둑썰기]
2. 양파를 어슷썰기 해주세요.
[TERM:어슷썰기]
3. 표고버섯을 편썰기 해주세요.
[TERM:편썰기]
4. 통마늘을 다지기 해주세요.
[TERM:다지기]
5. 올리브유, 허브솔트 약간, 맛술을 섞어 밑간을 만들고, 주재료에 미리 배어들게 재워주세요.
6. 버터를 넣어주세요.
7. 손질한 소고기, 양파, 표고버섯, 통마늘을 넣고 함께 익혀주세요.
8. 돈까스소스, 케찹, 굴소스, 올리고당, 물, 후추 약간을 넣고 간이 고르게 배도록 끓여주세요.
9. 재료가 충분히 익으면 소고기찹스테이크를 완성해주세요."
감자전,감자 3개| 물 감자가 잠길만큼| 소금 1꼬집| 식용유 넉넉히 양념간장 - 간장 3큰술| 식초 1/2큰술| 청양고추 다진 것 1개,"1. 감자를 깍둑썰기 해주세요.
[TERM:깍둑썰기]
2. 청양고추 다진 것을 어슷썰기 해주세요.
[TERM:어슷썰기]
3. 손질한 감자, 청양고추 다진 것을 넣고 함께 익혀주세요.
4. 소금, 식용유 넉넉히 양념간장, 식초를 넣고 간이 고르게 배도록 끓여주세요.
5. 재료가 충분히 익으면 감자전을 완성해주세요."
참치김치전,[주재료] 신 김치 2컵 (1/4포기)| 참치 1캔(200g)| 부침가루 1컵| 김치 국물 1/2컵| 물 1/2컵 [선택 재료] 청양고추 2개 [계량] 컵 - 종이컵계량,"1. 신 김치를 채썰기 해주세요.
[TERM:채썰기]
2. 청양고추를 어슷썰기 해주세요.
[TERM:어슷썰기]
3. 참치, 부침가루, 컵을 넣어주세요.
4. 손질한 신 김치, 청양고추를 넣고 함께 익혀주세요.
5. 재료가 충분히 익으면 참치김치전을 완성해주세요."
상추겉절이양념장,[재료] 상추 12장| 양파 1/2개 [양념장 재료] 간장 3스푼| 고추가루 1스푼 반| 매실액 2스푼| 참기름 1스푼| 깨소금 1스푼| 다진마늘 1/2티스푼| 식초 1/2스푼| 깨 넉넉히,"1. 양파를 어슷썰기 해주세요.
[TERM:어슷썰기]
2. 손질한 양파, 상추를 끓는 물에 살짝 데쳐주세요.
[TERM:데치다]
3. 간장, 고추가루, 매실액, 참기름, 깨소금, 다진마늘, 식초, 깨 넉넉히를 한데 섞어 양념을 만들어주세요.
4. 준비한 재료에 양념을 넣고 골고루 무쳐주세요.
5. 그릇에 담으면 상추겉절이양념장이 완성됩니다."
감자채전,[재료] 중간크기 감자 2개| 소금 1/2티스푼| 부침가루 1.5큰술| 후추 약간| 식용유 넉넉하게,"1. 중간크기 감자를 깍둑썰기 해주세요.
[TERM:깍둑썰기]
2. 부침가루를 넣어주세요.
3. 손질한 중간크기 감자를 넣고 함께 익혀주세요.
4. 소금, 후추 약간, 식용유 넉넉하게를 넣고 간이 고르게 배도록 끓여주세요.
5. 재료가 충분히 익으면 감자채전을 완성해주세요."
불낙지볶음,[재료] 낙지 2-3마리| 양파 1개| 대파 1대| 청양고추 2개| 식용유 1/2컵| 다진마늘 1T| 고춧가루 2T| 진간장 3T| 설탕 1T| 맛술 1.5T,"1. 낙지를 먹기 좋은 크기로 손질해주세요.
2. 양파, 대파, 청양고추를 어슷썰기 해주세요.
[TERM:어슷썰기]
3. 팬에 기름을 두르고 다진마늘을 먼저 볶아주세요.
4. 손질한 낙지, 양파, 대파, 청양고추를 넣고 함께 볶아주세요.
5. 식용유, 고춧가루, 진간장, 설탕, 맛술을 넣고 재료 전체에 고르게 배도록 볶아주세요.
6. 재료가 충분히 볶아지면 불낙지볶음을 완성해주세요."
오징어진미채볶음,[재료] 오징어채 190g| 참기름 1/4t| 통깨 2T [양념] 고추장 2T| 올리고당 3+1/2T| 간장 1+1/2T| 고추기름 2T| 설탕 2t| 맛술 4T| 다진마늘 1T| 마요네즈 4T,"1. 오징어채를 먹기 좋은 크기로 손질해주세요.
2. 손질한 오징어채를 넣고 함께 볶아주세요.
3. 고추장, 올리고당, 간장, 고추기름, 설탕, 맛술, 다진마늘, 마요네즈, 참기름, 통깨를 넣고 재료 전체에 고르게 배도록 볶아주세요.
4. 재료가 충분히 볶아지면 오징어진미채볶음을 완성해주세요."
대패삼겹살두부김치,[재료] 대패삼겹살 300G| 김치 1/8폭| 양파 1개| 두부 1모| 다진마늘 1아빠숟가락| 소면 1줌 [양념] 고추장 1아빠숟가락| 고춧가루 1아빠숟가락| 진간장 1아빠숟가락| 설탕 2아빠숟가락| 생강가루 1티스푼| 올리고당 1아빠숟가락,"1. 대패삼겹살을 깍둑썰기 해주세요.
[TERM:깍둑썰기]
2. 김치를 채썰기 해주세요.
[TERM:채썰기]
3. 양파를 어슷썰기 해주세요.
[TERM:어슷썰기]
4. 두부, 다진마늘, 소면을 넣어주세요.
5. 손질한 대패삼겹살, 김치, 양파를 넣고 함께 익혀주세요.
6. 고추장, 고춧가루, 진간장, 설탕, 생강가루, 올리고당을 넣고 간이 고르게 배도록 끓여주세요.
7. 재료가 충분히 익으면 대패삼겹살두부김치를 완성해주세요."
참치김치볶음,[재료] 김치 1그릇| 참치 150g| 대파 1/2줄기| 참기름 1스푼| 설탕 1.5T,"1. 김치를 채썰기 해주세요.
[TERM:채썰기]
2. 대파를 어슷썰기 해주세요.
[TERM:어슷썰기]
3. 팬에 기름을 두르고 참치를 먼저 볶아주세요.
4. 손질한 김치, 대파를 넣고 함께 볶아주세요.
5. 참기름, 설탕을 넣고 재료 전체에 고르게 배도록 볶아주세요.
6. 재료가 충분히 볶아지면 참치김치볶음을 완성해주세요."
마늘장아찌,[재료] 통마늘20개| 식초1/2컵| 간장1/2컵| 설탕 1/2컵| 소주1/2컵| 소금1t| 물300ml.,"1. 통마늘을 다지기 해주세요.
[TERM:다지기]
2. 손질한 통마늘을 끓는 물에 살짝 데쳐주세요.
[TERM:데치다]
3. 식초, 간장, 설탕, 소주, 소금을 한데 섞어 양념을 만들어주세요.
4. 준비한 재료에 양념을 넣고 골고루 무쳐주세요.
5. 그릇에 담으면 마늘장아찌가 완성됩니다."
무생채무침,[재료] 큰 무 1/3개| 멸치액젓 1.5큰술| 고추가루 3큰술| 소금 1/2큰술| 설탕 1/2큰술| 다진마늘 1큰술| 쪽파 약간| 통깨 1/2큰술,"1. 큰 무를 나박썰기 해주세요.
[TERM:나박썰기]
2. 쪽파 약간을 어슷썰기 해주세요.
[TERM:어슷썰기]
3. 손질한 큰 무, 쪽파 약간, 다진마늘을 끓는 물에 살짝 데쳐주세요.
[TERM:데치다]
4. 멸치액젓, 고추가루, 소금, 설탕, 통깨를 한데 섞어 양념을 만들어주세요.
5. 준비한 재료에 양념을 넣고 골고루 무쳐주세요.
6. 그릇에 담으면 무생채무침이 완성됩니다."
참치김치볶음밥,[재료] 밥 400g| 묵은지 250g| 참치 100g| 대파 1/2대| 계란후라이 2개| 간 마늘 1T| 고춧가루 2~3T| 설탕 1/3T| 간장 2~3T| 식용유 적당량,"1. 대파를 어슷썰기 해주세요.
[TERM:어슷썰기]
2. 간 마늘을 다지기 해주세요.
[TERM:다지기]
3. 계란후라이는 그릇에 풀어주세요.
4. 밥, 묵은지, 참치를 넣어주세요.
5. 손질한 대파, 간 마늘을 넣고 함께 익혀주세요.
6. 고춧가루, 설탕, 간장, 식용유 적당량을 넣고 간이 고르게 배도록 끓여주세요.
7. 풀어둔 계란후라이를 둘러가며 넣어 익혀주세요.
8. 재료가 충분히 익으면 참치김치볶음밥을 완성해주세요."
간장어묵볶음,[재료] 어묵 40알| 양파 1/2개| 파 1/2뿌리 [양념] 간장 2큰술| 고추장 1수저| 설탕 1수저씩| 올리고당 1티스푼| 식용유 1수저씩| 깨소금 약간,"1. 양파, 파를 어슷썰기 해주세요.
[TERM:어슷썰기]
2. 팬에 기름을 두르고 어묵을 먼저 볶아주세요.
3. 손질한 양파, 파를 넣고 함께 볶아주세요.
4. 간장, 고추장, 설탕, 올리고당, 식용유, 깨소금 약간을 넣고 재료 전체에 고르게 배도록 볶아주세요.
5. 재료가 충분히 볶아지면 간장어묵볶음을 완성해주세요."
김치제육볶음,[재료] 돼지고기 600g| 김치 600g| 양파 1개| 대파 1개| 설탕 1큰술| 식용유 [제육볶음 양념] 고추장 2큰술| 고춧가루 2큰술| 물엿 또는 설탕 2큰술| 간장 2큰술| 맛술 1큰술| 다진마늘 1큰술| 후추 약간,"1. 돼지고기를 깍둑썰기 해주세요.
[TERM:깍둑썰기]
2. 김치를 채썰기 해주세요.
[TERM:채썰기]
3. 양파, 대파를 어슷썰기 해주세요.
[TERM:어슷썰기]
4. 팬에 기름을 두르고 돼지고기를 먼저 볶아주세요.
5. 손질한 김치, 양파, 대파를 넣고 함께 볶아주세요.
6. 고추장, 고춧가루, 물엿 또는 설탕, 간장, 맛술, 다진마늘, 후추 약간, 설탕, 식용유를 넣고 재료 전체에 고르게 배도록 볶아주세요.
7. 재료가 충분히 볶아지면 김치제육볶음을 완성해주세요."
간장게장,[재료] 살아있는 암케 4마리 (약1키로정도) [간장물] 양조간장 500ml (2.5컵)| 물 3+2/3컵(750ml)| 청주 1컵| 매실액기스 2큰술| 레몬즙 3큰술| 통후추 약간| 사과 1/2개| 양파 1개| 대파흰부분 1/2대| 청양고추 4개| 마늘 10알| 다시마 1장| 표고버섯 2개분| 생강 1조각,"1. 양파, 대파흰부분, 청양고추를 어슷썰기 해주세요.
[TERM:어슷썰기]
2. 마늘을 다지기 해주세요.
[TERM:다지기]
3. 표고버섯을 편썰기 해주세요.
[TERM:편썰기]
4. 다시마는 물에 불려 부드럽게 준비해주세요.
5. 살아있는 암케, 레몬즙, 사과, 생강을 넣어주세요.
6. 손질한 양파, 대파흰부분, 청양고추, 마늘, 표고버섯을 넣고 함께 익혀주세요.
7. 양조간장, 청주, 매실액기스, 통후추 약간을 넣고 간이 고르게 배도록 끓여주세요.
8. 재료가 충분히 익으면 간장게장을 완성해주세요."
액젓돼지불고기,[재료] 돼지고기 불고기용 650g정도| 양파 작은거 1개| 대파 1개정도 [양념] 까나리액젓 4스푼| 설탕 4스푼| 다진마늘 2스푼| 참기름 2스푼| 생강술 2스푼| 후추 조금| 통깨 조금,"1. 돼지고기 불고기용을 깍둑썰기 해주세요.
[TERM:깍둑썰기]
2. 양파 작은거, 대파를 어슷썰기 해주세요.
[TERM:어슷썰기]
3. 손질한 돼지고기 불고기용, 양파 작은거, 대파를 넣고 함께 익혀주세요.
4. 까나리액젓, 설탕, 다진마늘, 참기름, 생강술, 후추 조금, 통깨 조금을 넣고 간이 고르게 배도록 끓여주세요.
5. 재료가 충분히 익으면 액젓돼지불고기를 완성해주세요."
감자샐러드,[재료] 감자| 계란| 당근| 양파| 오이 [양념] 마요네즈| 머스터드,"1. 감자를 깍둑썰기 해주세요.
[TERM:깍둑썰기]
2. 당근을 채썰기 해주세요.
[TERM:채썰기]
3. 양파, 오이를 어슷썰기 해주세요.
[TERM:어슷썰기]
4. 계란은 그릇에 풀어주세요.
5. 손질한 감자, 당근, 양파, 오이를 넣고 함께 익혀주세요.
6. 마요네즈, 머스터드를 넣고 간이 고르게 배도록 끓여주세요.
7. 풀어둔 계란을 둘러가며 넣어 익혀주세요.
8. 재료가 충분히 익으면 감자샐러드를 완성해주세요."
달걀장조림,[재료] 계란 8개| 간장 1(종이)컵| 설탕 1/2컵| 물 2컵| 다진마늘 1T,"1. 간장, 설탕을 섞어 양념장을 만들어주세요.
2. 냄비에 다진마늘을 넣고 양념장을 부어주세요.
3. 국물이 자작해질 때까지 졸여주세요.
[TERM:졸이다]
4. 국물이 충분히 졸아들면 달걀장조림을 완성해주세요."
간장비빔국수,[재료] 소면 2인분| 애호박 1/3개| 당근 1/3개| 진간장 3스푼| 설탕 3스푼| 식초 1스푼| 다진마늘 1스푼| 참기름 2스푼| 통깨 1스푼| 물 1스푼,"1. 애호박을 반달썰기 해주세요.
[TERM:반달썰기]
2. 당근을 채썰기 해주세요.
[TERM:채썰기]
3. 다진마늘, 소면을 넣어주세요.
4. 손질한 애호박, 당근을 넣고 함께 익혀주세요.
5. 진간장, 설탕, 식초, 참기름, 통깨를 넣고 간이 고르게 배도록 끓여주세요.
6. 재료가 충분히 익으면 간장비빔국수를 완성해주세요."
오이초무침,[재료] 오이 1개| 양파 1/2개| 대파 1/2대 [양념장] 고춧가루 2T| 설탕 2T| 간장 1T| 식초 5T| 소금 0.5T,"1. 오이, 양파, 대파를 어슷썰기 해주세요.
[TERM:어슷썰기]
2. 손질한 오이, 양파, 대파를 끓는 물에 살짝 데쳐주세요.
[TERM:데치다]
3. 고춧가루, 설탕, 간장, 식초, 소금을 한데 섞어 양념을 만들어주세요.
4. 준비한 재료에 양념을 넣고 골고루 무쳐주세요.
5. 그릇에 담으면 오이초무침이 완성됩니다."
오징어채고추장볶음,[재료] 진미오징어채 150g| 마요네즈 3큰술| 식용유 2큰술| 올리고당 2큰술 [양념] 맛술 1작은술| 간장 1큰술| 참기름 1작은술| 물 2큰술| 설탕 1작은술| 고춧가루 1작은술| 다진마늘 1작은술| 고추장 1큰술,"1. 진미오징어채를 먹기 좋은 크기로 손질해주세요.
2. 손질한 진미오징어채를 넣고 함께 볶아주세요.
3. 맛술, 간장, 참기름, 물, 설탕, 고춧가루, 다진마늘, 고추장, 마요네즈, 식용유, 올리고당을 넣고 재료 전체에 고르게 배도록 볶아주세요.
4. 재료가 충분히 볶아지면 오징어채고추장볶음을 완성해주세요."
달걀샌드위치,[재료] 달걀 6개| 식빵 4장| 크림치즈| 마요네즈 2| 머스터드소스 1| 소금 0.3| 후춧가루 적당히,"1. 달걀은 그릇에 풀어주세요.
2. 식빵, 크림치즈, 머스터드소스를 넣어주세요.
3. 마요네즈, 소금, 후춧가루 적당히를 넣고 간이 고르게 배도록 끓여주세요.
4. 풀어둔 달걀을 둘러가며 넣어 익혀주세요.
5. 재료가 충분히 익으면 달걀샌드위치를 완성해주세요."
수육삶는법,[재료(밥숟가락 계량)] 돼지고기(앞다리살또는삼겹살) 300g| 통마늘 8알| 양파 1/2개| 미림 3T| 된장 2T| 월계수잎 3장| 통후추 8알| 대파 1/2대,"1. 돼지고기를 깍둑썰기 해주세요.
[TERM:깍둑썰기]
2. 통마늘을 다지기 해주세요.
[TERM:다지기]
3. 양파, 대파를 어슷썰기 해주세요.
[TERM:어슷썰기]
4. 손질한 돼지고기, 통마늘, 양파, 대파를 넣고 함께 익혀주세요.
5. 미림, 된장, 월계수잎, 통후추를 넣고 간이 고르게 배도록 끓여주세요.
6. 재료가 충분히 익으면 수육삶는법을 완성해주세요."
버섯전골,[재료] 다양한버섯(느타리/표고/팽이/새송이/꼬마)| 대파| 당근| 양파| 소불고기 [양념] 물 2컵| 된장 0.5| 고추장 1| 고춧가루 3| 설탕 1| 다진마늘 1| 국간장 1/5 [추가양념(육수)] 간장 1/5| 물 2컵,"1. 다양한버섯느타리를 편썰기 해주세요.
[TERM:편썰기]
2. 대파, 양파를 어슷썰기 해주세요.
[TERM:어슷썰기]
3. 당근을 채썰기 해주세요.
[TERM:채썰기]
4. 소불고기를 넣어주세요.
5. 손질한 다양한버섯느타리, 대파, 양파, 당근을 넣고 함께 익혀주세요.
6. 물, 된장, 고추장, 고춧가루, 설탕, 다진마늘, 국간장, 간장을 넣고 간이 고르게 배도록 끓여주세요.
7. 재료가 충분히 익으면 버섯전골을 완성해주세요."
시금치나물무침,[재료] 시금치 1단| 대파흰부분만 적당량 [양념] 다진마늘 1/2T| 국간장 1T| 참기름 1T| 설탕 1/3T| 소금 입맛대로| 통깨 1T,"1. 대파흰부분만 적당량을 어슷썰기 해주세요.
[TERM:어슷썰기]
2. 손질한 대파흰부분만 적당량, 시금치를 끓는 물에 살짝 데쳐주세요.
[TERM:데치다]
3. 다진마늘, 국간장, 참기름, 설탕, 소금 입맛대로, 통깨를 한데 섞어 양념을 만들어주세요.
4. 준비한 재료에 양념을 넣고 골고루 무쳐주세요.
5. 그릇에 담으면 시금치나물무침이 완성됩니다."
쭈꾸미볶음,[재료] 쭈꾸미 8-9마리| 대파 1/2개| 양파 1/2개| 청양고추 1개 [양념장] 간장 1+1/2큰술| 미림 1큰술| 고추장 1큰술| 물엿 1+1/2큰술| 매실액 1큰술| 다진 마늘 1큰술| 고춧가루 3큰술,"1. 대파, 양파, 청양고추를 어슷썰기 해주세요.
[TERM:어슷썰기]
2. 팬에 기름을 두르고 쭈꾸미를 먼저 볶아주세요.
3. 손질한 대파, 양파, 청양고추를 넣고 함께 볶아주세요.
4. 간장, 미림, 고추장, 물엿, 매실액, 다진 마늘, 고춧가루를 넣고 재료 전체에 고르게 배도록 볶아주세요.
5. 재료가 충분히 볶아지면 쭈꾸미볶음을 완성해주세요."
메추리알소고기장조림,[재료] 한우 사태 500g| 메추리알(삶은것) 25개 [양념] 대파 1/2대| 마늘 6쪽| 마른 홍고추 2개| 통후추 1큰술| 물 6컵| 간장 6큰술| 맛술 2큰술| 청주 2큰술| 설탕 2+1/2큰술,"1. 대파, 마늘, 마른 홍고추, 통후추, 물, 간장, 맛술, 청주, 설탕을 섞어 양념장을 만들어주세요.
2. 냄비에 한우 사태, 메추리알을 넣고 양념장을 부어주세요.
3. 국물이 자작해질 때까지 졸여주세요.
[TERM:졸이다]
4. 국물이 충분히 졸아들면 메추리알소고기장조림을 완성해주세요."
약밥,[필수재료] 찹쌀 3컵| 대추 5개| 밤 6개| 은행 20개| 물 400ml| 커피 약간 [양념재료] 간장 5큰술| 황설탕 5큰술| 참기름 3큰술,"1. 찹쌀, 대추, 밤, 은행, 커피 약간을 넣어주세요.
2. 간장, 황설탕, 참기름을 넣고 간이 고르게 배도록 끓여주세요.
3. 재료가 충분히 익으면 약밥을 완성해주세요."
토마토스파게티,[재료] 스파게티면 250g| 베이컨 110g| 시판스파게티소스 1병| 소세지 2개| 통마늘 10쪽| 양파 1/2개| 양송이버섯 5개| 브로콜리 1송이| 방울토마토 10개| 소금 약간| 올리브유 적당량| 파슬리가루 적당량| 파머산치즈가루 적당량,"1. 스파게티면, 시판스파게티소스, 양파, 파슬리가루 적당량, 파머산치즈가루 적당량을 어슷썰기 해주세요.
[TERM:어슷썰기]
2. 베이컨을 깍둑썰기 해주세요.
[TERM:깍둑썰기]
3. 통마늘을 다지기 해주세요.
[TERM:다지기]
4. 양송이버섯을 편썰기 해주세요.
[TERM:편썰기]
5. 소세지, 브로콜리, 방울토마토, 올리브유 적당량을 넣어주세요.
6. 손질한 스파게티면, 시판스파게티소스, 양파, 파슬리가루 적당량, 파머산치즈가루 적당량, 베이컨, 통마늘, 양송이버섯을 넣고 함께 익혀주세요.
7. 소금 약간을 넣고 간이 고르게 배도록 끓여주세요.
8. 재료가 충분히 익으면 토마토스파게티를 완성해주세요."
목살간장볶음,[재료] 목살 3장| 간장 4숟가락| 올리고당 2숟가락| 설탕 1숟가락| 후추| 다진마늘 0.5숟가락| 참기름 1숟가락| 깨| 양파| 브로콜리| 대파,"1. 목살을 깍둑썰기 해주세요.
[TERM:깍둑썰기]
2. 양파, 대파를 어슷썰기 해주세요.
[TERM:어슷썰기]
3. 팬에 기름을 두르고 목살, 다진마늘, 브로콜리를 먼저 볶아주세요.
4. 손질한 양파, 대파를 넣고 함께 볶아주세요.
5. 간장, 올리고당, 설탕, 후추, 참기름, 깨를 넣고 재료 전체에 고르게 배도록 볶아주세요.
6. 재료가 충분히 볶아지면 목살간장볶음을 완성해주세요."
감바스알아히요,[재료] 새우 3컵| 올리브오일 1+1/2컵| 마늘 1/2컵| 페페론치노 4~5개| 소금 톡톡| 후추 톡톡| 바게트빵,"1. 새우를 먹기 좋은 크기로 손질해주세요.
2. 마늘을 다지기 해주세요.
[TERM:다지기]
3. 올리브오일, 페페론치노, 바게트빵을 넣어주세요.
4. 손질한 새우, 마늘을 넣고 함께 익혀주세요.
5. 소금 톡톡, 후추 톡톡을 넣고 간이 고르게 배도록 끓여주세요.
6. 재료가 충분히 익으면 감바스알아히요를 완성해주세요."
쫄면양념장,[재료] 쫄면| 양배추| 오이| 콩나물| 당근 [양념] 고추장 2T| 고추가루 1T| 양조식초 3T| 설탕 1T| 올리고당 1T| 간장 0.5T| 다진마늘 0.5T| 참기름 1T,"1. 오이를 어슷썰기 해주세요.
[TERM:어슷썰기]
2. 당근을 채썰기 해주세요.
[TERM:채썰기]
3. 쫄면, 양배추를 넣어주세요.
4. 손질한 오이, 당근을 넣고 함께 익혀주세요.
5. 고추장, 고추가루, 양조식초, 설탕, 올리고당, 간장, 다진마늘, 참기름을 넣고 간이 고르게 배도록 끓여주세요.
6. 재료가 충분히 익으면 쫄면양념장을 완성해주세요."
스팸김치찌개,[재료] 김치 적당량| 스팸(청정원 우리팜델리) 115g| 대파 약간 [양념] 참기름or들기름 1스푼| 설탕 1/2스푼| 고춧가루 1스푼| 다진마늘 1스푼?,"1. 김치 적당량을 채썰기 해주세요.
[TERM:채썰기]
2. 스팸을 깍둑썰기 해주세요.
[TERM:깍둑썰기]
3. 대파 약간을 어슷썰기 해주세요.
[TERM:어슷썰기]
4. 손질한 김치 적당량, 스팸, 대파 약간을 넣고 함께 익혀주세요.
5. 참기름or들기름, 설탕, 고춧가루, 다진마늘을 넣고 간이 고르게 배도록 끓여주세요.
6. 재료가 충분히 익으면 스팸김치찌개를 완성해주세요."
소시지콩나물찜,[재료] 콩나물 1봉| 비엔나소시지 1봉| 대파 1대| 양파 1/2개| 믈 1컵(종이컵) [양념] 고추장 2T| 고추가루 2T| 간장 4T| 설탕 1T| 간마늘 1T| 참기름 1T,"1. 대파, 양파를 어슷썰기 해주세요.
[TERM:어슷썰기]
2. 비엔나소시지, 믈을 넣어주세요.
3. 손질한 대파, 양파를 넣고 함께 익혀주세요.
4. 고추장, 고추가루, 간장, 설탕, 간마늘, 참기름을 넣고 간이 고르게 배도록 끓여주세요.
5. 재료가 충분히 익으면 소시지콩나물찜을 완성해주세요."
고추장찌개,[재료] 감자 2개| 돼지고기 약간| 양파 1/2개| 대파 약간| 고추 약간| 느타리버섯 약간 [양념] 식용유 2큰술| 참기름 2큰술| 고추장 2큰술| 고춧가루 1큰술| 다진마늘 1/2큰술| 국간장 2+1/2큰술| 액젓 1큰술| 물,"1. 감자, 돼지고기 약간을 깍둑썰기 해주세요.
[TERM:깍둑썰기]
2. 양파, 대파 약간, 고추 약간을 어슷썰기 해주세요.
[TERM:어슷썰기]
3. 느타리버섯 약간을 편썰기 해주세요.
[TERM:편썰기]
4. 손질한 감자, 돼지고기 약간, 양파, 대파 약간, 고추 약간, 느타리버섯 약간을 넣고 함께 익혀주세요.
5. 식용유, 참기름, 고추장, 고춧가루, 다진마늘, 국간장, 액젓, 물을 넣고 간이 고르게 배도록 끓여주세요.
6. 재료가 충분히 익으면 고추장찌개를 완성해주세요."
나박김치,[재료] 배추잎 10장| 무 1/3개| 통마늘 5개| 당근 1/2개| 쪽파 1웅큼| 홍고추 2개 [양념재료] 고추가루 5스푼| 설탕 3스푼| 생강가루 1/2티스푼| 소금 3스푼반| 생수 2리터,"1. 무를 나박썰기 해주세요.
[TERM:나박썰기]
2. 통마늘을 다지기 해주세요.
[TERM:다지기]
3. 당근을 채썰기 해주세요.
[TERM:채썰기]
4. 쪽파, 홍고추를 어슷썰기 해주세요.
[TERM:어슷썰기]
5. 배추잎을 넣어주세요.
6. 손질한 무, 통마늘, 당근, 쪽파, 홍고추를 넣고 함께 익혀주세요.
7. 고추가루, 설탕, 생강가루, 소금, 생수를 넣고 간이 고르게 배도록 끓여주세요.
8. 재료가 충분히 익으면 나박김치를 완성해주세요."
닭가슴살갈비구이,[재료] 닭가슴살 [양념] 간장 5큰술| 설탕 1큰술| 물엿 1큰술| 참기름 0.5큰술| 다진 마늘 1큰술| 후추 약간| 대파(송송썬),"1. 닭가슴살을 깍둑썰기 해주세요.
[TERM:깍둑썰기]
2. 손질한 닭가슴살을 넣고 함께 익혀주세요.
3. 간장, 설탕, 물엿, 참기름, 다진 마늘, 후추 약간, 대파를 넣고 간이 고르게 배도록 끓여주세요.
4. 재료가 충분히 익으면 닭가슴살갈비구이를 완성해주세요."
하이볼,[재료] 위스키 30ml| 토닉워터 120ml| 레몬 혹은 레몬즙 1개,"1. 위스키, 토닉워터, 레몬 혹은 레몬즙을 넣어주세요.
2. 재료가 충분히 익으면 하이볼을 완성해주세요."
감자볶음,[재료] 감자 3개| 양파 1/2개 [양념] 굴소스 1스푼| 맛간장(진간장) 3스푼| 설탕 1스푼| 올리고당 1스푼| 카놀라유 1-2스푼| 다진마늘 1/2스푼| 통깨 조금,"1. 감자를 깍둑썰기 해주세요.
[TERM:깍둑썰기]
2. 양파를 어슷썰기 해주세요.
[TERM:어슷썰기]
3. 손질한 감자, 양파를 넣고 함께 볶아주세요.
4. 굴소스, 맛간장, 설탕, 올리고당, 카놀라유, 다진마늘, 통깨 조금을 넣고 재료 전체에 고르게 배도록 볶아주세요.
5. 재료가 충분히 볶아지면 감자볶음을 완성해주세요."
뼈다귀감자탕,[재료] 돼지등뼈| 무| 통마늘| 된장| 양파| 마늘| 소주| 통감자 [양념장] 다진마늘 2큰술| 생강즙(또는 생강가루) 1큰술| 맛술 2큰술| 들깨가루 7큰술| 고춧가루 5큰술| 육수 2큰술,"1. 무를 나박썰기 해주세요.
[TERM:나박썰기]
2. 통마늘, 마늘을 다지기 해주세요.
[TERM:다지기]
3. 양파를 어슷썰기 해주세요.
[TERM:어슷썰기]
4. 통감자를 깍둑썰기 해주세요.
[TERM:깍둑썰기]
5. 돼지등뼈를 넣어주세요.
6. 손질한 무, 통마늘, 마늘, 양파, 통감자를 넣고 함께 익혀주세요.
7. 다진마늘, 생강즙, 맛술, 들깨가루, 고춧가루, 육수, 된장, 소주를 넣고 간이 고르게 배도록 끓여주세요.
8. 재료가 충분히 익으면 뼈다귀감자탕을 완성해주세요."
삼계탕,[재료] 닭 2마리| 삼계탕용약재| 찹쌀| 마늘| 소금| 대파,"1. 닭을 깍둑썰기 해주세요.
[TERM:깍둑썰기]
2. 마늘을 다지기 해주세요.
[TERM:다지기]
3. 대파를 어슷썰기 해주세요.
[TERM:어슷썰기]
4. 삼계탕용약재, 찹쌀을 넣어주세요.
5. 손질한 닭, 마늘, 대파를 넣고 함께 익혀주세요.
6. 소금을 넣고 간이 고르게 배도록 끓여주세요.
7. 재료가 충분히 익으면 삼계탕을 완성해주세요."
순대볶음,[재료] 순대 500g| 양파| 양배추| 당근| 파| 홍 고추| 깻순 약간씩 [양념] 고춧가루 3큰술| 고추장 2큰술| 설탕 2큰술| 간장 4큰술| 마늘 1큰술| 들깨가루 조금,"1. 양파, 파, 홍 고추를 어슷썰기 해주세요.
[TERM:어슷썰기]
2. 당근을 채썰기 해주세요.
[TERM:채썰기]
3. 팬에 기름을 두르고 순대, 양배추, 깻순 약간씩을 먼저 볶아주세요.
4. 손질한 양파, 파, 홍 고추, 당근을 넣고 함께 볶아주세요.
5. 고춧가루, 고추장, 설탕, 간장, 마늘, 들깨가루 조금을 넣고 재료 전체에 고르게 배도록 볶아주세요.
6. 재료가 충분히 볶아지면 순대볶음을 완성해주세요."
감자수제비,[재료] 감자 2개| 밀가루(중력분) 5큰술| 소금 1꼬집| 애호박 1/3개| 대파 1대| 청양고추 3개| 멸치 10마리| 다시마 2개| 계란 1개 [양념] 다진마늘 2ts| 국간장 1T| 소금 1T,"1. 감자를 깍둑썰기 해주세요.
[TERM:깍둑썰기]
2. 애호박을 반달썰기 해주세요.
[TERM:반달썰기]
3. 대파, 청양고추를 어슷썰기 해주세요.
[TERM:어슷썰기]
4. 다시마는 물에 불려 부드럽게 준비해주세요.
5. 계란은 그릇에 풀어주세요.
6. 멸치를 넣어주세요.
7. 손질한 감자, 애호박, 대파, 청양고추를 넣고 함께 익혀주세요.
8. 다진마늘, 국간장, 소금, 밀가루를 넣고 간이 고르게 배도록 끓여주세요.
9. 풀어둔 계란을 둘러가며 넣어 익혀주세요.
10. 재료가 충분히 익으면 감자수제비를 완성해주세요."
스팸마요덮밥,[재료] 스팸 작은 거 1/2통| 계란 2개| 밥 1 공기 [소스 만들기] 양파 1/2개| 간장 3큰술| 맛술 2.5큰술| 설탕 2.5~3큰술| 후추 약간| 통깨 약간| 김 약간,"1. 스팸 작은 거를 깍둑썰기 해주세요.
[TERM:깍둑썰기]
2. 계란은 그릇에 풀어주세요.
3. 밥을 넣어주세요.
4. 손질한 스팸 작은 거를 넣고 함께 익혀주세요.
5. 양파, 간장, 맛술, 설탕, 후추 약간, 통깨 약간, 김 약간을 넣고 간이 고르게 배도록 끓여주세요.
6. 풀어둔 계란을 둘러가며 넣어 익혀주세요.
7. 재료가 충분히 익으면 스팸마요덮밥을 완성해주세요."
상추겉절이,[재료] 상추 2웅큼| 송송 썰은 파 1큰술 [양념] 다진마늘 1/3큰술| 들기름 1큰술| 고춧가루 1큰술| 설탕 1/2큰술| 소금 2꼬집정도| 통깨 약간,"1. 송송 썰은 파를 어슷썰기 해주세요.
[TERM:어슷썰기]
2. 손질한 송송 썰은 파, 상추를 끓는 물에 살짝 데쳐주세요.
[TERM:데치다]
3. 다진마늘, 들기름, 고춧가루, 설탕, 소금, 통깨 약간을 한데 섞어 양념을 만들어주세요.
4. 준비한 재료에 양념을 넣고 골고루 무쳐주세요.
5. 그릇에 담으면 상추겉절이가 완성됩니다."
순대볶음양념장,[재료] 순대 1/2팩(250g)| 떡 1줌| 양배추| 버섯| 깻잎| 홍고추 [양념] 고춧가루 1/3종이컵| 고추장 1/3종이컵| 간장 1/3종이컵| 설탕 1/3종이컵| 맛술 1/3종이컵| 다진마늘 1/3종이컵| 생강 약간| 카레가루 1T| 깨,"1. 버섯을 편썰기 해주세요.
[TERM:편썰기]
2. 홍고추를 어슷썰기 해주세요.
[TERM:어슷썰기]
3. 팬에 기름을 두르고 떡, 순대, 양배추, 깻잎을 먼저 볶아주세요.
4. 손질한 버섯, 홍고추를 넣고 함께 볶아주세요.
5. 고춧가루, 고추장, 간장, 설탕, 맛술, 다진마늘, 생강 약간, 카레가루, 깨를 넣고 재료 전체에 고르게 배도록 볶아주세요.
6. 재료가 충분히 볶아지면 순대볶음양념장을 완성해주세요."
고추잡채,[주재료] 잡채용 돼지고기(등심) 300g| 노란 파프리카 1/2개| 빨강 파프리카 1/2개| 양파 1/2개| 표고버섯 2~3개| 꽃빵 [선택 재료] 청양고추 2~3개 [고기 밑간] 맛술 1큰술| 다진 마늘 0.5큰술| 설탕 0.5큰술| 진간장 2큰술| 후춧가루 약간 [양념] 고추기름 1큰술| 다진 마늘 0.5큰술| 굴 소스 2큰술| 진간장 2큰술| 설탕 0.5큰술| 올리고당 1큰술| 맛술 2큰술 [계량] ,"1. 잡채용 돼지고기를 깍둑썰기 해주세요.
[TERM:깍둑썰기]
2. 노란 파프리카, 빨강 파프리카, 양파, 청양고추를 어슷썰기 해주세요.
[TERM:어슷썰기]
3. 표고버섯을 편썰기 해주세요.
[TERM:편썰기]
4. 맛술, 다진 마늘, 설탕, 진간장, 후춧가루 약간을 섞어 밑간을 만들고, 주재료에 미리 배어들게 재워주세요.
5. 꽃빵을 넣어주세요.
6. 손질한 잡채용 돼지고기, 노란 파프리카, 빨강 파프리카, 양파, 청양고추, 표고버섯을 넣고 함께 익혀주세요.
7. 고추기름, 다진 마늘, 굴 소스, 진간장, 설탕, 올리고당, 맛술을 넣고 간이 고르게 배도록 끓여주세요.
8. 재료가 충분히 익으면 고추잡채를 완성해주세요."
꽈리고추멸치볶음,[재료] 꼬마멸치 50~60g| 꽈리고추 35개| 편썬마늘(통마늘4~5개)| 식용유 2큰술| 올리고당 1큰술| 참깨 약간 [양념] 굴소스 1큰술| 양조간장 1작은술| 매실액 1/2작은술| 참기름 1큰술| 맛술 약간| 통깨 약간,"1. 꽈리고추를 어슷썰기 해주세요.
[TERM:어슷썰기]
2. 편썬마늘통마늘을 다지기 해주세요.
[TERM:다지기]
3. 팬에 기름을 두르고 꼬마멸치를 먼저 볶아주세요.
4. 손질한 꽈리고추, 편썬마늘통마늘을 넣고 함께 볶아주세요.
5. 굴소스, 양조간장, 매실액, 참기름, 맛술 약간, 통깨 약간, 식용유, 올리고당, 참깨 약간을 넣고 재료 전체에 고르게 배도록 볶아주세요.
6. 재료가 충분히 볶아지면 꽈리고추멸치볶음을 완성해주세요."
목살양념구이,[재료] 돼지목살 300g [즉석양념] 설탕 1T| 진간장 1-1/4T| 물엿 2T| 간마늘 1/2큰술| 생강가루 1꼬집| 맛술 1T| 굴소스 1/2T| 후추가루 1꼬집| 대파 다진거 1큰술,"1. 돼지목살을 깍둑썰기 해주세요.
[TERM:깍둑썰기]
2. 손질한 돼지목살을 넣고 함께 익혀주세요.
3. 설탕, 진간장, 물엿, 간마늘, 생강가루, 맛술, 굴소스, 후추가루, 대파 다진거를 넣고 간이 고르게 배도록 끓여주세요.
4. 재료가 충분히 익으면 목살양념구이를 완성해주세요."
돼지등갈비김치찜,[재료] 돼지등갈비 1kg| 된장 1T| 마늘 1T| 맛간장 3T| 매실액 1T| 미림 1T| 고추가루 1T| 김치 1/2포기,"1. 돼지등갈비를 깍둑썰기 해주세요.
[TERM:깍둑썰기]
2. 마늘을 다지기 해주세요.
[TERM:다지기]
3. 김치를 채썰기 해주세요.
[TERM:채썰기]
4. 손질한 돼지등갈비, 마늘, 김치를 넣고 함께 익혀주세요.
5. 된장, 맛간장, 매실액, 미림, 고추가루를 넣고 간이 고르게 배도록 끓여주세요.
6. 재료가 충분히 익으면 돼지등갈비김치찜을 완성해주세요."
돼지불고기,[재료] 돼지고기앞다리살 1근| 대파 1컵| 간장 1/4컵| 설탕 1/4컵| 맛술 1/4컵| 간 배(or배음료) 1컵| 다진마늘 1스푼| 참기름 3스푼| 후추 약간| 다진생강or생강가루 조금 [양념(비율)] 간장 1| 맛술 1| 설탕 1,"1. 돼지고기앞다리살을 깍둑썰기 해주세요.
[TERM:깍둑썰기]
2. 대파를 어슷썰기 해주세요.
[TERM:어슷썰기]
3. 다진마늘, 다진생강or생강가루 조금, 간 배를 넣어주세요.
4. 손질한 돼지고기앞다리살, 대파를 넣고 함께 익혀주세요.
5. 간장, 맛술, 설탕, 참기름, 후추 약간을 넣고 간이 고르게 배도록 끓여주세요.
6. 재료가 충분히 익으면 돼지불고기를 완성해주세요."
쪽파김치,[재료] 쪽파 1단 [양념] 멸치액젓 1컵| 배| 양파 1개| 고춧가루| 매실액| 설탕| 통깨| 찹쌀풀,"1. 쪽파를 어슷썰기 해주세요.
[TERM:어슷썰기]
2. 손질한 쪽파를 넣고 함께 익혀주세요.
3. 멸치액젓, 배, 양파, 고춧가루, 매실액, 설탕, 통깨, 찹쌀풀을 넣고 간이 고르게 배도록 끓여주세요.
4. 재료가 충분히 익으면 쪽파김치를 완성해주세요."
춘천닭갈비,[주재료] 닭다리살 1kg| 양파 1개| 깻잎 10장| 고구마 2개| 양배추 2줌| 떡볶이떡(떡국떡) 2줌| 청양고추 3개 [닭다리살밑간] 소금 약간| 후추 약간| 소주 약간 [양념] 고추장 2Ts| 고춧가루 5Ts| 간장 4Ts| 설탕 2Ts| 물엿 1Ts| 춘장 0.5Ts| 카레가루 1Ts| 후춧가루 약간| 땅콩버터 약간,"1. 닭다리살, 고구마를 깍둑썰기 해주세요.
[TERM:깍둑썰기]
2. 양파, 청양고추를 어슷썰기 해주세요.
[TERM:어슷썰기]
3. 소금 약간, 후추 약간, 소주 약간을 섞어 밑간을 만들고, 주재료에 미리 배어들게 재워주세요.
4. 떡볶이떡, 깻잎, 양배추를 넣어주세요.
5. 손질한 닭다리살, 고구마, 양파, 청양고추를 넣고 함께 익혀주세요.
6. 고추장, 고춧가루, 간장, 설탕, 물엿, 춘장, 카레가루, 후춧가루 약간, 땅콩버터 약간을 넣고 간이 고르게 배도록 끓여주세요.
7. 재료가 충분히 익으면 춘천닭갈비를 완성해주세요."
콩자반,[재료] 콩(불리기 전) 1컵 [양념] 간장 3큰술| 설탕 1/2큰술| 물엿 1큰술,"1. 콩을 넣어주세요.
2. 간장, 설탕, 물엿을 넣고 간이 고르게 배도록 끓여주세요.
3. 재료가 충분히 익으면 콩자반을 완성해주세요."
보쌈김치,[재료] 큰무 10센티| 대파 1/2줄기 [양념] 고춧가루 5T| 설탕 2.5T| 물엿 2.5T| 액젓 1T| 다진마늘 1T| 소금 1/4T [무절이기] 천일염 1.5T| 설탕 1T,"1. 큰무를 나박썰기 해주세요.
[TERM:나박썰기]
2. 대파를 어슷썰기 해주세요.
[TERM:어슷썰기]
3. 천일염을 넣어주세요.
4. 손질한 큰무, 대파를 넣고 함께 익혀주세요.
5. 고춧가루, 설탕, 물엿, 액젓, 다진마늘, 소금을 넣고 간이 고르게 배도록 끓여주세요.
6. 재료가 충분히 익으면 보쌈김치를 완성해주세요."
뚝배기두부조림,[재료] 두부 1모| 양파 1개| 달걀 1~2개 [양념장] 다진마늘 2T| 청양고추 1~2개| 고춧가루 1T| 설탕 1T| 참기름 1T| 맛술 1T| 간장 4T| 대파 약간| 깨소금 약간| 물 1/2컵,"1. 양파를 어슷썰기 해주세요.
[TERM:어슷썰기]
2. 다진마늘, 청양고추, 고춧가루, 설탕, 참기름, 맛술, 간장, 대파 약간, 깨소금 약간, 물을 섞어 양념장을 만들어주세요.
3. 냄비에 양파, 두부를 넣고 양념장을 부어주세요.
4. 국물이 자작해질 때까지 졸여주세요.
[TERM:졸이다]
5. 국물이 충분히 졸아들면 뚝배기두부조림을 완성해주세요."
고구마맛탕,[재료] 고구마 2-3개| 올리고당 2스푼| 설탕 3스푼| 물 3스푼| 통깨 약간,"1. 고구마를 깍둑썰기 해주세요.
[TERM:깍둑썰기]
2. 손질한 고구마를 넣고 함께 익혀주세요.
3. 올리고당, 설탕, 통깨 약간을 넣고 간이 고르게 배도록 끓여주세요.
4. 재료가 충분히 익으면 고구마맛탕을 완성해주세요."
감자양파간장조림,[재료] 감자 2개| 양파 1/2개| 청양고추 1개| 간장 5스푼| 설탕 2스푼| 다진파 1.5스푼| 다진마늘 1스푼| 참기름 0.8스푼| 깨소금 1/2스푼| 후추 약간,"1. 감자를 깍둑썰기 해주세요.
[TERM:깍둑썰기]
2. 양파, 청양고추를 어슷썰기 해주세요.
[TERM:어슷썰기]
3. 간장, 설탕, 참기름, 깨소금, 후추 약간을 섞어 양념장을 만들어주세요.
4. 냄비에 감자, 양파, 청양고추, 다진파, 다진마늘을 넣고 양념장을 부어주세요.
5. 국물이 자작해질 때까지 졸여주세요.
[TERM:졸이다]
6. 국물이 충분히 졸아들면 감자양파간장조림을 완성해주세요."
배추된장국,[재료] 알배추 1/2통| 대파 0.5-1대| 된장 2T| 고춧가루 0.5T| 다진마늘 0.5T| 멸치다시육수 ,"1. 대파를 어슷썰기 해주세요.
[TERM:어슷썰기]
2. 다진마늘, 알배추를 넣어주세요.
3. 손질한 대파를 넣고 함께 익혀주세요.
4. 된장, 고춧가루, 멸치다시육수를 넣고 간이 고르게 배도록 끓여주세요.
5. 재료가 충분히 익으면 배추된장국을 완성해주세요."
김치순두부찌개,[재료] 순두부 1팩| 돼지고기다짐육 1스푼| 신김치 조금| 계란 1개| 청양고추 조금| 버섯 조금| 마늘 조금| 대파 조금 [양념] 고추가루 1~2스푼| 설탕 조금| 간장 1~2스푼| 맛술 조금| 소금 조금| 후추 조금,"1. 돼지고기다짐육을 깍둑썰기 해주세요.
[TERM:깍둑썰기]
2. 신김치 조금을 채썰기 해주세요.
[TERM:채썰기]
3. 청양고추 조금, 대파 조금을 어슷썰기 해주세요.
[TERM:어슷썰기]
4. 버섯 조금을 편썰기 해주세요.
[TERM:편썰기]
5. 마늘 조금을 다지기 해주세요.
[TERM:다지기]
6. 계란은 그릇에 풀어주세요.
7. 순두부를 넣어주세요.
8. 손질한 돼지고기다짐육, 신김치 조금, 청양고추 조금, 대파 조금, 버섯 조금, 마늘 조금을 넣고 함께 익혀주세요.
9. 고추가루, 설탕 조금, 간장, 맛술 조금, 소금 조금, 후추 조금을 넣고 간이 고르게 배도록 끓여주세요.
10. 풀어둔 계란을 둘러가며 넣어 익혀주세요.
11. 재료가 충분히 익으면 김치순두부찌개를 완성해주세요."
월남쌈,[재료] 라이스페이퍼 20장| 오이 1개| 양파 1/2개| 맛살이나 크래미 5개| 깻잎 10장| 캔파인애플 5개| 파프리카 1/2개| 새우또는 고기 적당히| 칠리소스 적당히 [땅콩소스] 땅콩버터 3T| 마요네즈 1T| 허니머스터드 2T| 올리고당 3T| 레몬즙이나 식초 1T,"1. 오이, 양파, 캔파인애플, 파프리카를 어슷썰기 해주세요.
[TERM:어슷썰기]
2. 새우또는 고기 적당히를 먹기 좋은 크기로 손질해주세요.
3. 라이스페이퍼, 맛살이나 크래미, 깻잎, 칠리소스 적당히를 넣어주세요.
4. 손질한 오이, 양파, 캔파인애플, 파프리카, 새우또는 고기 적당히를 넣고 함께 익혀주세요.
5. 땅콩버터, 마요네즈, 허니머스터드, 올리고당, 레몬즙이나 식초를 넣고 간이 고르게 배도록 끓여주세요.
6. 재료가 충분히 익으면 월남쌈을 완성해주세요."
밥솥약밥,[약밥 만들기 재료(종이컵 기준)] 찹쌀 4컵| 흑설탕 1컵| 설탕 1/2컵| 간장 5큰술| 계피 1큰술| 소금 1/3큰술| 참기름 4큰술| 은행 30알| 밤 200g| 대추 2줌| 잣 적당량| 건포도 1줌,"1. 찹쌀, 계피, 은행, 밤, 대추, 잣 적당량, 건포도를 넣어주세요.
2. 흑설탕, 설탕, 간장, 소금, 참기름을 넣고 간이 고르게 배도록 끓여주세요.
3. 재료가 충분히 익으면 밥솥약밥을 완성해주세요."
돼지고기안심장조림,[재료] 돼지고기 안심(약 500g) 1덩어리| 청양고추 1개 [돼지고기 삶는 물] 된장 1큰술| 통후추 0.5큰술| 대파 흰 부분 2대| 마늘 7쪽| 생강이나 생강가루 0.3큰술| 물 2컵 [조림장재료] 간장 7큰술| 청주 3큰술| 맛술 3큰술| 흑설탕 1큰술| 물엿 1큰술| 물 2컵,"1. 돼지고기 안심약을 깍둑썰기 해주세요.
[TERM:깍둑썰기]
2. 청양고추, 대파 흰 부분을 어슷썰기 해주세요.
[TERM:어슷썰기]
3. 마늘을 다지기 해주세요.
[TERM:다지기]
4. 된장, 통후추, 간장, 청주, 맛술, 흑설탕, 물엿을 섞어 양념장을 만들어주세요.
5. 냄비에 돼지고기 안심약, 청양고추, 대파 흰 부분, 마늘, 생강이나 생강가루를 넣고 양념장을 부어주세요.
6. 국물이 자작해질 때까지 졸여주세요.
[TERM:졸이다]
7. 국물이 충분히 졸아들면 돼지고기안심장조림을 완성해주세요."
오이지무침,[재료] 오이지 4개 [양념] 고추가루 1+1/2스푼| 설탕 1스푼| 다진파 1-2스푼| 다진마늘 1스푼| 식초 3스푼| 통깨 약간,"1. 오이지를 어슷썰기 해주세요.
[TERM:어슷썰기]
2. 손질한 오이지를 끓는 물에 살짝 데쳐주세요.
[TERM:데치다]
3. 고추가루, 설탕, 다진파, 다진마늘, 식초, 통깨 약간을 한데 섞어 양념을 만들어주세요.
4. 준비한 재료에 양념을 넣고 골고루 무쳐주세요.
5. 그릇에 담으면 오이지무침이 완성됩니다."
치킨마요덮밥,[재료] 먹다 남은 순살치킨 7조각| 양파 1/2개| 달걀 2개| 김가루| 마요네즈| 파 [소스] 간장 6| 맛술 4| 올리고 당 또는 꿀 3,"1. 양파, 파를 어슷썰기 해주세요.
[TERM:어슷썰기]
2. 달걀은 그릇에 풀어주세요.
3. 먹다 남은 순살치킨, 김가루를 넣어주세요.
4. 손질한 양파, 파를 넣고 함께 익혀주세요.
5. 간장, 맛술, 올리고 당 또는 꿀, 마요네즈를 넣고 간이 고르게 배도록 끓여주세요.
6. 풀어둔 달걀을 둘러가며 넣어 익혀주세요.
7. 재료가 충분히 익으면 치킨마요덮밥을 완성해주세요."
동파육,[재료] 통삼겹살 600그람| 붉은 양파 1개| 파채 50그람| 참기름 2작은 술| 소금 1/2작은 술 [양념소스] 물 1컵| 간장 3큰술| 설탕 1큰술| 꿀 2큰술| 참기름 1작은술,"1. 통삼겹살을 깍둑썰기 해주세요.
[TERM:깍둑썰기]
2. 붉은 양파, 파채를 어슷썰기 해주세요.
[TERM:어슷썰기]
3. 손질한 통삼겹살, 붉은 양파, 파채를 넣고 함께 익혀주세요.
4. 물, 간장, 설탕, 꿀, 참기름, 소금을 넣고 간이 고르게 배도록 끓여주세요.
5. 재료가 충분히 익으면 동파육을 완성해주세요."
삼겹살,[주재료] 삼겹살 500g| 허브솔트(또는맛소금) [선택 재료] 통마늘| 올리브유 1 큰 술| 허브솔트 [계량] ,"1. 삼겹살을 깍둑썰기 해주세요.
[TERM:깍둑썰기]
2. 통마늘을 다지기 해주세요.
[TERM:다지기]
3. 허브솔트, 올리브유를 넣어주세요.
4. 손질한 삼겹살, 통마늘을 넣고 함께 익혀주세요.
5. 재료가 충분히 익으면 삼겹살을 완성해주세요."
가지스테이크,[재료] 가지 1개| 간장 2Ts| 설탕 1.5Ts| 식초 1Ts| 다진 마늘 1/2Ts| 버터 2Ts,"1. 다진 마늘, 가지, 버터를 넣어주세요.
2. 간장, 설탕, 식초를 넣고 간이 고르게 배도록 끓여주세요.
3. 재료가 충분히 익으면 가지스테이크를 완성해주세요."
콩나물밥,[재료] 쌀 2컵| 물 2컵| 콩나물 2줌| 소고기 약간 [소고기밑간] 다진마늘 1큰술| 간장 2큰술| 참기름 1큰술| 설탕 1/2큰술| 후추 약간 [양념장] 진간장 3큰술| 매실청 2큰술| 참기름 1/2큰술| 대파 적당량| 고춧가루 취향따라,"1. 소고기 약간을 깍둑썰기 해주세요.
[TERM:깍둑썰기]
2. 다진마늘, 간장, 참기름, 설탕, 후추 약간을 섞어 밑간을 만들고, 주재료에 미리 배어들게 재워주세요.
3. 쌀을 넣어주세요.
4. 손질한 소고기 약간을 넣고 함께 익혀주세요.
5. 진간장, 매실청, 참기름, 대파 적당량, 고춧가루 취향따라를 넣고 간이 고르게 배도록 끓여주세요.
6. 재료가 충분히 익으면 콩나물밥을 완성해주세요."
도라지무침,[재료] 도라지 600g| 굵은소금 1/2스푼| 쌀뜬물 [양념재료] 고추장 3스푼| 고추가루 5스푼| 다진마늘 1스푼| 설탕 3스푼| 올리고당 3스푼| 식초 10스푼| 통깨 2스푼,"1. 손질한 도라지를 끓는 물에 살짝 데쳐주세요.
[TERM:데치다]
2. 고추장, 고추가루, 다진마늘, 설탕, 올리고당, 식초, 통깨, 굵은소금을 한데 섞어 양념을 만들어주세요.
3. 준비한 재료에 양념을 넣고 골고루 무쳐주세요.
4. 그릇에 담으면 도라지무침이 완성됩니다."
김밥,[재료(8줄분량)] 밥| 김밥용 김 12장| 햄 8개| 단무지 8개| 오이 1+1/2개| 당근 1개| 어묵 2장| 계란 3개| 맛살 4개(생략가능) [밑간양념] 참기름| 소금| 간장| 맛술| 물엿,"1. 단무지를 나박썰기 해주세요.
[TERM:나박썰기]
2. 오이를 어슷썰기 해주세요.
[TERM:어슷썰기]
3. 당근을 채썰기 해주세요.
[TERM:채썰기]
4. 계란은 그릇에 풀어주세요.
5. 참기름, 소금, 간장, 맛술, 물엿을 섞어 밑간을 만들고, 주재료에 미리 배어들게 재워주세요.
6. 밥, 김밥용 김, 햄, 어묵, 맛살을 넣어주세요.
7. 손질한 단무지, 오이, 당근을 넣고 함께 익혀주세요.
8. 풀어둔 계란을 둘러가며 넣어 익혀주세요.
9. 재료가 충분히 익으면 김밥을 완성해주세요."
돼지껍데기볶음,[재료] 돼지껍데기(돈피) 200g| 대파흰부분| 양파 1/2개| 통마늘 5~6개| 계피가루 약간| 소주 혹은 맛술 3큰술 [양념] 맛술 1큰술| 생강즙 1큰술| 굴소스 1큰술| 간장 2/3큰술| 올리고당 2큰술| 다진마늘 1큰술| 고추장 1큰술| 고춧가루 2큰술,"1. 대파흰부분, 양파를 어슷썰기 해주세요.
[TERM:어슷썰기]
2. 통마늘을 다지기 해주세요.
[TERM:다지기]
3. 팬에 기름을 두르고 돼지껍데기, 계피가루 약간을 먼저 볶아주세요.
4. 손질한 대파흰부분, 양파, 통마늘을 넣고 함께 볶아주세요.
5. 맛술, 생강즙, 굴소스, 간장, 올리고당, 다진마늘, 고추장, 고춧가루, 소주 혹은 맛술을 넣고 재료 전체에 고르게 배도록 볶아주세요.
6. 재료가 충분히 볶아지면 돼지껍데기볶음을 완성해주세요."
전복죽,[재료] 전복 中 4마리| 밥 1+1/2 공기| 양파 1/2개| 당근 1/3개| 양송이버섯 3개| 국간장 1T| 소금 | 참기름| 물 3공기,"1. 양파를 어슷썰기 해주세요.
[TERM:어슷썰기]
2. 당근을 채썰기 해주세요.
[TERM:채썰기]
3. 양송이버섯을 편썰기 해주세요.
[TERM:편썰기]
4. 전복 中, 밥을 넣어주세요.
5. 손질한 양파, 당근, 양송이버섯을 넣고 함께 익혀주세요.
6. 국간장, 소금, 참기름을 넣고 간이 고르게 배도록 끓여주세요.
7. 재료가 충분히 익으면 전복죽을 완성해주세요."
두부강된장,[재료] 두부 1/2모| 호박 1/3개| 양파 1/2개| 파 1/3개| 청양고추 3개 [양념] 고추장 1/2큰술| 된장 2큰술| 다진마늘 4ts| 국멸치 5마리,"1. 호박을 반달썰기 해주세요.
[TERM:반달썰기]
2. 양파, 파, 청양고추를 어슷썰기 해주세요.
[TERM:어슷썰기]
3. 두부를 넣어주세요.
4. 손질한 호박, 양파, 파, 청양고추를 넣고 함께 익혀주세요.
5. 고추장, 된장, 다진마늘, 국멸치를 넣고 간이 고르게 배도록 끓여주세요.
6. 재료가 충분히 익으면 두부강된장을 완성해주세요."
명태코다리조림,[재료] 명태코다리 2마리| 홍고추 1개| 대파 1대 [양념] 물 1컵| 간장 4큰술| 매실액 1큰술| 올리고당 1큰술| 다진마늘 1작은술| 생강가루 약간| 참기름 1작은술| 참깨,"1. 홍고추, 대파를 어슷썰기 해주세요.
[TERM:어슷썰기]
2. 물, 간장, 매실액, 올리고당, 다진마늘, 생강가루 약간, 참기름, 참깨를 섞어 양념장을 만들어주세요.
3. 냄비에 홍고추, 대파, 명태코다리를 넣고 양념장을 부어주세요.
4. 국물이 자작해질 때까지 졸여주세요.
[TERM:졸이다]
5. 국물이 충분히 졸아들면 명태코다리조림을 완성해주세요."
꼬마김밥,[재료] 당근 1개| 부추 1웅큼| 단무지 (김밥용) 적당량 | 햄(김밥용) 적당량| 밥 2공기| 김(김밥용) 적당량 [소스재료] 간장 1스푼| 설탕 1/2스푼| 연겨자 1스푼| 미림 1스푼| 다진청양고추 1스푼| 물 1스푼 [그외재료] 소금| 통깨| 참기름,"1. 당근을 채썰기 해주세요.
[TERM:채썰기]
2. 단무지  적당량을 나박썰기 해주세요.
[TERM:나박썰기]
3. 부추, 햄 적당량, 밥, 김 적당량을 넣어주세요.
4. 손질한 당근, 단무지  적당량을 넣고 함께 익혀주세요.
5. 간장, 설탕, 연겨자, 미림, 다진청양고추, 물, 소금, 통깨, 참기름을 넣고 간이 고르게 배도록 끓여주세요.
6. 재료가 충분히 익으면 꼬마김밥을 완성해주세요."
꼬막무침양념장,[재료] 꼬막 500g [양념장] 고춧가루 2T| 설탕 1T| 간장 4T| 맛술 0.5T| 참기름 0.5T| 다진마늘 0.5T| 다진파 2T| 깨 솔솔,"1. 손질한 꼬막을 끓는 물에 살짝 데쳐주세요.
[TERM:데치다]
2. 고춧가루, 설탕, 간장, 맛술, 참기름, 다진마늘, 다진파, 깨 솔솔을 한데 섞어 양념을 만들어주세요.
3. 준비한 재료에 양념을 넣고 골고루 무쳐주세요.
4. 그릇에 담으면 꼬막무침양념장이 완성됩니다."
탕수육,[재료] 돼지고기| 감자전분| 옥수수전분| 대파| 목이버섯| 당근| 양파| 완두콩| 계란 [양념] 식용유| 진간장| 청주| 후추가루| 설탕| 식초| 치킨스톡,"1. 돼지고기를 깍둑썰기 해주세요.
[TERM:깍둑썰기]
2. 대파, 양파를 어슷썰기 해주세요.
[TERM:어슷썰기]
3. 목이버섯을 편썰기 해주세요.
[TERM:편썰기]
4. 당근을 채썰기 해주세요.
[TERM:채썰기]
5. 계란은 그릇에 풀어주세요.
6. 완두콩을 넣어주세요.
7. 손질한 돼지고기, 대파, 양파, 목이버섯, 당근을 넣고 함께 익혀주세요.
8. 식용유, 진간장, 청주, 후추가루, 설탕, 식초, 치킨스톡, 감자전분, 옥수수전분을 넣고 간이 고르게 배도록 끓여주세요.
9. 풀어둔 계란을 둘러가며 넣어 익혀주세요.
10. 재료가 충분히 익으면 탕수육을 완성해주세요."
콘치즈,[재료] 옥수수통조림 100~150g| 버터 1큰술| 마요네즈 적당량(취향것)| 피자치즈 약간| 파슬리 약간,"1. 파슬리 약간을 어슷썰기 해주세요.
[TERM:어슷썰기]
2. 옥수수통조림, 버터, 피자치즈 약간을 넣어주세요.
3. 손질한 파슬리 약간을 넣고 함께 익혀주세요.
4. 마요네즈 적당량을 넣고 간이 고르게 배도록 끓여주세요.
5. 재료가 충분히 익으면 콘치즈를 완성해주세요."
즉석오이무침,[재료] 취청오이 큰 것 1개 [양념] 고춧가루 1숟가락| 간장 2숟가락| 다진 마늘 0.5숟가락| 설탕 0.5숟가락| 소금 약간| 참기름 1숟가락| 통깨 1숟가락,"1. 취청오이 큰 것을 어슷썰기 해주세요.
[TERM:어슷썰기]
2. 손질한 취청오이 큰 것을 끓는 물에 살짝 데쳐주세요.
[TERM:데치다]
3. 고춧가루, 간장, 다진 마늘, 설탕, 소금 약간, 참기름, 통깨를 한데 섞어 양념을 만들어주세요.
4. 준비한 재료에 양념을 넣고 골고루 무쳐주세요.
5. 그릇에 담으면 즉석오이무침이 완성됩니다."
김치전,[재료] 김치 2컵| 부침가루 1컵| 김치국물 1/3컵| 물 2/3컵| 다진마늘 1/2스푼,"1. 김치를 채썰기 해주세요.
[TERM:채썰기]
2. 다진마늘, 부침가루를 넣어주세요.
3. 손질한 김치를 넣고 함께 익혀주세요.
4. 재료가 충분히 익으면 김치전을 완성해주세요."
꼬막무침,[재료] 꼬막 500g| 아삭이고추 2개| 쪽파 1컵 [무침양념] 꼬막 삶은 물 2큰술| 간장 3큰술| 맛술 1큰술| 매실청 1큰술| 다진마늘 1/2큰술| 깨소금 듬뿍| 참기름 듬뿍| 고춧가루 2큰술 [꼬막해감] 굵은소금,"1. 아삭이고추, 쪽파를 어슷썰기 해주세요.
[TERM:어슷썰기]
2. 손질한 아삭이고추, 쪽파, 꼬막을 끓는 물에 살짝 데쳐주세요.
[TERM:데치다]
3. 꼬막 삶은 물, 간장, 맛술, 매실청, 다진마늘, 깨소금 듬뿍, 참기름 듬뿍, 고춧가루, 굵은소금을 한데 섞어 양념을 만들어주세요.
4. 준비한 재료에 양념을 넣고 골고루 무쳐주세요.
5. 그릇에 담으면 꼬막무침이 완성됩니다."
시금치두부된장국,[재료] 된장 2큰술| 다진마늘 0.5큰술| 시금치 2~3줌| 대파 1대| 다시마(5*5) 1개| 다시멸치 13~15마리| 두부 1/2모,"1. 대파를 어슷썰기 해주세요.
[TERM:어슷썰기]
2. 다시마는 물에 불려 부드럽게 준비해주세요.
3. 두부, 다진마늘, 시금치, 다시멸치를 넣어주세요.
4. 손질한 대파를 넣고 함께 익혀주세요.
5. 된장을 넣고 간이 고르게 배도록 끓여주세요.
6. 재료가 충분히 익으면 시금치두부된장국을 완성해주세요."
삼겹살김치두루치기,[재료] 삼겹살 4줄| 김치 1주먹| 양파 1/2개| 청양고추 3개| 깨 [양념] 고추장 1스푼| 다진마늘 1스푼| 고춧가루 1스푼| 설탕 1스푼| 참기름,"1. 삼겹살을 깍둑썰기 해주세요.
[TERM:깍둑썰기]
2. 김치를 채썰기 해주세요.
[TERM:채썰기]
3. 양파, 청양고추를 어슷썰기 해주세요.
[TERM:어슷썰기]
4. 손질한 삼겹살, 김치, 양파, 청양고추를 넣고 함께 익혀주세요.
5. 고추장, 다진마늘, 고춧가루, 설탕, 참기름, 깨를 넣고 간이 고르게 배도록 끓여주세요.
6. 재료가 충분히 익으면 삼겹살김치두루치기를 완성해주세요."
꼬막삶는법,[재료] 꼬막,"1. 꼬막을 넣어주세요.
2. 재료가 충분히 익으면 꼬막삶는법을 완성해주세요."
LA갈비구이,[주재료] LA갈비 1키로 [양념장] 양파대 1/2개| 배 1/4개| 사과 1/2개| 간장 6큰술| 설탕 2큰술| 맛술 3큰술| 참기름 1큰술| 생강술 1큰술| 다진마늘 1큰술| 물엿 3큰술| 후추 약간,"1. LA갈비를 깍둑썰기 해주세요.
[TERM:깍둑썰기]
2. 손질한 LA갈비를 넣고 함께 익혀주세요.
3. 양파대, 배, 사과, 간장, 설탕, 맛술, 참기름, 생강술, 다진마늘, 물엿, 후추 약간을 넣고 간이 고르게 배도록 끓여주세요.
4. 재료가 충분히 익으면 LA갈비구이를 완성해주세요."
계란장조림,[재료] 계란 5-6개| 소금 1스푼| 식초 1스푼| 청양고추 1-2개| 통마늘 1줌| 진간장 4스푼| 국간장 2스푼| 설탕 2스푼| 올리고당 스푼| 물 1컵반,"1. 청양고추를 어슷썰기 해주세요.
[TERM:어슷썰기]
2. 통마늘을 다지기 해주세요.
[TERM:다지기]
3. 소금, 식초, 진간장, 국간장, 설탕, 올리고당 스푼을 섞어 양념장을 만들어주세요.
4. 냄비에 청양고추, 통마늘을 넣고 양념장을 부어주세요.
5. 국물이 자작해질 때까지 졸여주세요.
[TERM:졸이다]
6. 국물이 충분히 졸아들면 계란장조림을 완성해주세요."
등갈비김치찜,[재료] 등갈비 1kg| 배추김치(작은김치) 1/2포기| 다진마늘 2T| 고춧가루 3T| 들기름 1T| 후춧가루 소량| 국간장 3T| 설탕 1/3T| 김칫국물 100ml| 대파 1개| 물 1000ml,"1. 등갈비를 깍둑썰기 해주세요.
[TERM:깍둑썰기]
2. 배추김치를 채썰기 해주세요.
[TERM:채썰기]
3. 대파를 어슷썰기 해주세요.
[TERM:어슷썰기]
4. 다진마늘을 넣어주세요.
5. 손질한 등갈비, 배추김치, 대파를 넣고 함께 익혀주세요.
6. 고춧가루, 들기름, 후춧가루 소량, 국간장, 설탕을 넣고 간이 고르게 배도록 끓여주세요.
7. 재료가 충분히 익으면 등갈비김치찜을 완성해주세요."
라볶이,[재료] 떡볶이 1컵| 오뎅 1컵| 라면 1봉지| 물 2~3컵 [라볶이소스] 설탕 3T| 고추장 1T| 간장 2T| 고춧가루 1.5T,"1. 떡볶이, 오뎅, 라면을 넣어주세요.
2. 설탕, 고추장, 간장, 고춧가루를 넣고 간이 고르게 배도록 끓여주세요.
3. 재료가 충분히 익으면 라볶이를 완성해주세요."
갈비탕,[재료] 갈비탕용 소고기 1kg| 무 1토막| 대파 흰부분 5대| 양파 1/2개| 당면 1줌 [양념] 물 12종이컵| 맛술 3T| 꽃소금 3티스푼| 간장 2T| 다진마늘 1T| 자른대파 1/2뿌리| 후추 약간,"1. 갈비탕용 소고기를 깍둑썰기 해주세요.
[TERM:깍둑썰기]
2. 무를 나박썰기 해주세요.
[TERM:나박썰기]
3. 대파 흰부분, 양파를 어슷썰기 해주세요.
[TERM:어슷썰기]
4. 당면은 물에 불려 부드럽게 준비해주세요.
5. 손질한 갈비탕용 소고기, 무, 대파 흰부분, 양파를 넣고 함께 익혀주세요.
6. 물, 맛술, 꽃소금, 간장, 다진마늘, 자른대파, 후추 약간을 넣고 간이 고르게 배도록 끓여주세요.
7. 재료가 충분히 익으면 갈비탕을 완성해주세요."
소갈비탕,[재료] 갈비 1kg| 양파 1/2개| 무 1/2조각| 대파 1뿌리| 통마늘 10개| 물 2L| 청주 1컵| 무 1/2조각| 송송 썬 대파 1/2뿌리| 달걀지단 기호| 불린당면 기호 [양념] 간장 2큰술| 다진마늘 1큰술| 소금 약간| 후춧가루 약간,"1. 갈비를 깍둑썰기 해주세요.
[TERM:깍둑썰기]
2. 양파, 대파, 송송 썬 대파를 어슷썰기 해주세요.
[TERM:어슷썰기]
3. 무를 나박썰기 해주세요.
[TERM:나박썰기]
4. 통마늘을 다지기 해주세요.
[TERM:다지기]
5. 불린당면 기호는 물에 불려 부드럽게 준비해주세요.
6. 달걀지단 기호는 그릇에 풀어주세요.
7. 손질한 갈비, 양파, 대파, 송송 썬 대파, 무, 통마늘을 넣고 함께 익혀주세요.
8. 간장, 다진마늘, 소금 약간, 후춧가루 약간, 청주를 넣고 간이 고르게 배도록 끓여주세요.
9. 풀어둔 달걀지단 기호를 둘러가며 넣어 익혀주세요.
10. 재료가 충분히 익으면 소갈비탕을 완성해주세요."
양념게장,[재료] 냉동 꽃게 4마리 [양념장] 간장(소주컵) 1컵| 고춧가루 5큰술| 설탕 2.5큰술| 물엿 1큰술| 소금 1/2작은술| 미림 1/2큰술| 다진 마늘 1큰술| 다진 생강 2큰술| 다진 파 2큰술| 청양고추 2큰술~취향껏| 홍고추 1 개| 후추 적당량| 통깨 적당량,"1. 냉동 꽃게를 넣어주세요.
2. 간장, 고춧가루, 설탕, 물엿, 소금, 미림, 다진 마늘, 다진 생강, 다진 파, 청양고추, 홍고추, 후추 적당량, 통깨 적당량을 넣고 간이 고르게 배도록 끓여주세요.
3. 재료가 충분히 익으면 양념게장을 완성해주세요."
돼지고기보쌈,[재료] 돼지고기 보쌈용 600그람| 물 1000cc| 시판재래된장 2~3스푼| 월계수잎 작은것 5장 [양념] 마늘 큰것 3톨| 통후추 약간| 커피스푼 1스푼| 양파 중간크기 1개,"1. 돼지고기 보쌈용을 깍둑썰기 해주세요.
[TERM:깍둑썰기]
2. 손질한 돼지고기 보쌈용을 넣고 함께 익혀주세요.
3. 마늘 큰것, 통후추 약간, 커피스푼, 양파 중간크기, 시판재래된장, 월계수잎 작은것을 넣고 간이 고르게 배도록 끓여주세요.
4. 재료가 충분히 익으면 돼지고기보쌈을 완성해주세요."
소고기콩나물무국,[재료] 소고기(양지) 230g| 콩나물 180g| 무 (3x3) 1쪽| 대파 1/2개 [양념] 멸치육수 11컵| 마늘 1큰술| 고춧가루 3 큰술| 국간장 1 큰술| 소금 0.5 작은술| 참기름 0.5큰술| 후추 약간,"1. 소고기를 깍둑썰기 해주세요.
[TERM:깍둑썰기]
2. 무를 나박썰기 해주세요.
[TERM:나박썰기]
3. 대파를 어슷썰기 해주세요.
[TERM:어슷썰기]
4. 손질한 소고기, 무, 대파를 넣고 함께 익혀주세요.
5. 멸치육수, 마늘, 고춧가루, 국간장, 소금, 참기름, 후추 약간을 넣고 간이 고르게 배도록 끓여주세요.
6. 재료가 충분히 익으면 소고기콩나물무국을 완성해주세요."
돼지고기제육볶음,[재료] 돼지고기 목살(앞다리살) 600g| 양파| 애호박| 당근| 가래떡 [양념] 고추장 1큰술| 고춧가루 2+1/2큰술| 간장 2큰술| 올리고당 1+1/2큰술| 참기름 1큰술| 맛술 1큰술| 생강가루 약간| 다진마늘 1큰술| 후추 약간| 다진양파 약간,"1. 돼지고기 목살을 깍둑썰기 해주세요.
[TERM:깍둑썰기]
2. 양파를 어슷썰기 해주세요.
[TERM:어슷썰기]
3. 애호박을 반달썰기 해주세요.
[TERM:반달썰기]
4. 당근을 채썰기 해주세요.
[TERM:채썰기]
5. 팬에 기름을 두르고 돼지고기 목살, 가래떡을 먼저 볶아주세요.
6. 손질한 양파, 애호박, 당근을 넣고 함께 볶아주세요.
7. 고추장, 고춧가루, 간장, 올리고당, 참기름, 맛술, 생강가루 약간, 다진마늘, 후추 약간, 다진양파 약간을 넣고 재료 전체에 고르게 배도록 볶아주세요.
8. 재료가 충분히 볶아지면 돼지고기제육볶음을 완성해주세요."
짜파구리,[재료] 짜파게티 1개| 너구리 1개,"1. 짜파게티를 어슷썰기 해주세요.
[TERM:어슷썰기]
2. 너구리를 넣어주세요.
3. 손질한 짜파게티를 넣고 함께 익혀주세요.
4. 재료가 충분히 익으면 짜파구리를 완성해주세요."
동치미,[재료] 무 1개| 쪽파 1줌| 당근 적당히| 알배추 1/2포기| 통마늘 10개| 생강 1개| 소금 4스푼| 생수 3L| 사이다 1캔| 김장용봉투 1장,"1. 무를 나박썰기 해주세요.
[TERM:나박썰기]
2. 쪽파를 어슷썰기 해주세요.
[TERM:어슷썰기]
3. 당근 적당히를 채썰기 해주세요.
[TERM:채썰기]
4. 통마늘을 다지기 해주세요.
[TERM:다지기]
5. 알배추, 생강, 생수, 사이다, 김장용봉투를 넣어주세요.
6. 손질한 무, 쪽파, 당근 적당히, 통마늘을 넣고 함께 익혀주세요.
7. 소금을 넣고 간이 고르게 배도록 끓여주세요.
8. 재료가 충분히 익으면 동치미를 완성해주세요."
양파장아찌,[재료] 양파 2개 [양념] 물 1컵| 설탕 1/2컵| 식초 1/2컵| 간장 1/2컵,"1. 양파를 어슷썰기 해주세요.
[TERM:어슷썰기]
2. 손질한 양파를 끓는 물에 살짝 데쳐주세요.
[TERM:데치다]
3. 물, 설탕, 식초, 간장을 한데 섞어 양념을 만들어주세요.
4. 준비한 재료에 양념을 넣고 골고루 무쳐주세요.
5. 그릇에 담으면 양파장아찌가 완성됩니다."
치킨너겟,[재료] 치킨너겟 15~20개 [양념] 물엿 (올리고당) 5T(3T)| 케첩 2T| 고추장 1T| 간장 1T| 다진마늘 2T| 고춧가루 1T| 설탕 2T| 물 2T,"1. 치킨너겟을 넣어주세요.
2. 물엿, 케첩, 고추장, 간장, 다진마늘, 고춧가루, 설탕, 물을 넣고 간이 고르게 배도록 끓여주세요.
3. 재료가 충분히 익으면 치킨너겟을 완성해주세요."
수제비,[수제비 반죽] 밀가루 3컵| 물 200ml| 양파(소) 1/2개| 당근 1/2개| 호박 1/2개| 다진마늘 1/3스푼 [멸치육수] 물 2300ml| 다시멸치 10마리| 국간장 3스푼| 소금 1/3스푼,"1. 양파를 어슷썰기 해주세요.
[TERM:어슷썰기]
2. 당근을 채썰기 해주세요.
[TERM:채썰기]
3. 호박을 반달썰기 해주세요.
[TERM:반달썰기]
4. 물, 다시멸치, 국간장, 소금을 냄비에 넣고 끓여 국물을 준비해주세요.
5. 다진마늘을 넣어주세요.
6. 손질한 양파, 당근, 호박을 넣고 함께 익혀주세요.
7. 밀가루를 넣고 간이 고르게 배도록 끓여주세요.
8. 재료가 충분히 익으면 수제비를 완성해주세요."
오삼불고기,[재료] 오징어 1마리| 삼겹살 250g| 양파 1/2개| 깻잎 5장| 대파 약간 [양념장] 설탕 2숟가락| 고춧가루 3숟가락| 간장 1.5숟가락| 다진마늘 1.5 숟가락| 고추장 2숟가락| 매실액 0.5숟가락| 후추 약간| 참기름 1숟가락,"1. 오징어를 먹기 좋은 크기로 손질해주세요.
2. 삼겹살을 깍둑썰기 해주세요.
[TERM:깍둑썰기]
3. 양파, 대파 약간을 어슷썰기 해주세요.
[TERM:어슷썰기]
4. 깻잎을 넣어주세요.
5. 손질한 오징어, 삼겹살, 양파, 대파 약간을 넣고 함께 익혀주세요.
6. 설탕, 고춧가루, 간장, 다진마늘, 고추장, 매실액, 후추 약간, 참기름을 넣고 간이 고르게 배도록 끓여주세요.
7. 재료가 충분히 익으면 오삼불고기를 완성해주세요."
찜닭,[재료] 닭 1마리| 당면 1줌(400g)| 당근 1/3개| 양파 1/4개| 감자 1개| 대파 1줌 [양념] 간장 13큰 술| 커피가루 1큰 술| 설탕 3큰 술| 올리고당 6큰 술| 다진마늘 3큰 술,"1. 닭, 감자를 깍둑썰기 해주세요.
[TERM:깍둑썰기]
2. 당근을 채썰기 해주세요.
[TERM:채썰기]
3. 양파, 대파를 어슷썰기 해주세요.
[TERM:어슷썰기]
4. 당면은 물에 불려 부드럽게 준비해주세요.
5. 손질한 닭, 감자, 당근, 양파, 대파를 넣고 함께 익혀주세요.
6. 간장, 커피가루, 설탕, 올리고당, 다진마늘을 넣고 간이 고르게 배도록 끓여주세요.
7. 재료가 충분히 익으면 찜닭을 완성해주세요."
오징어국,[재료] 오징어 1마리| 무 10cm크기 1토막| 대파 1/2개| 양파1/2개| 청양고추 1개 [양념] 다진마늘 1큰술| 고추가루 1큰술| 국간장 1큰술| 소금 약간,"1. 오징어를 먹기 좋은 크기로 손질해주세요.
2. 무를 나박썰기 해주세요.
[TERM:나박썰기]
3. 대파, 양파, 청양고추를 어슷썰기 해주세요.
[TERM:어슷썰기]
4. 손질한 오징어, 무, 대파, 양파, 청양고추를 넣고 함께 익혀주세요.
5. 다진마늘, 고추가루, 국간장, 소금 약간을 넣고 간이 고르게 배도록 끓여주세요.
6. 재료가 충분히 익으면 오징어국을 완성해주세요."
짬뽕,[재료] 오징어 1마리| 돼지고기 1컵| 새우 원하는양| 홍합 원하는양| 잘게썬 파 1컵| 다진 생강 1큰술| 채썬 양파 1컵| 채썬 호박 1컵| 채썬 당근 1/2컵| 매운고추 원하는양| 부추 원하는양| 멸치다시마육수(또는 물) 원하는양| 다진 마늘 (선택) 1큰술 [양념재료] 올리브유(또는 식용유) 3큰술| 간장 3큰술| 고추가루 3큰술| 피쉬액젓 1큰술| 소금 약간,"1. 오징어, 새우 원하는양을 먹기 좋은 크기로 손질해주세요.
2. 돼지고기를 깍둑썰기 해주세요.
[TERM:깍둑썰기]
3. 잘게썬 파, 매운고추 원하는양을 어슷썰기 해주세요.
[TERM:어슷썰기]
4. 다진 생강, 채썬 양파, 채썬 호박, 채썬 당근, 다진 마늘, 홍합 원하는양, 부추 원하는양을 넣어주세요.
5. 손질한 오징어, 새우 원하는양, 돼지고기, 잘게썬 파, 매운고추 원하는양을 넣고 함께 익혀주세요.
6. 올리브유, 간장, 고추가루, 피쉬액젓, 소금 약간, 멸치다시마육수 원하는양을 넣고 간이 고르게 배도록 끓여주세요.
7. 재료가 충분히 익으면 짬뽕을 완성해주세요."
미역초무침,[재료] 미역 국그릇 1가득| 양파 1/2개| 매운고추 1개| 소금 1꼬집 [양념장 재료] 고추장 2스푼| 고추가루 1스푼| 식초 3스푼| 설탕 1스푼| 매실 1스푼| 간장 1스푼| 참기름 1스푼| 다진마늘 1/2스푼| 깨 1스푼,"1. 양파, 매운고추를 어슷썰기 해주세요.
[TERM:어슷썰기]
2. 미역 국그릇은 물에 불려 부드럽게 준비해주세요.
3. 손질한 양파, 매운고추를 끓는 물에 살짝 데쳐주세요.
[TERM:데치다]
4. 고추장, 고추가루, 식초, 설탕, 매실, 간장, 참기름, 다진마늘, 깨, 소금을 한데 섞어 양념을 만들어주세요.
5. 준비한 재료에 양념을 넣고 골고루 무쳐주세요.
6. 그릇에 담으면 미역초무침이 완성됩니다."
겉절이,[재료] 배추(노란안쪽만사용) 1통| 굵은소금 2줌| 통깨 적당량 [양념장] 고춧가루 1컵| 마늘 2큰술반| 양파 갈아서 2큰술| 까나리액젓 3큰술| 멸치액젓(삼게액젓가능) 2큰술| 설탕 4큰술| 파 잘게 어슷 썰어 2큰술,"1. 손질한 배추를 끓는 물에 살짝 데쳐주세요.
[TERM:데치다]
2. 고춧가루, 마늘, 양파 갈아서, 까나리액젓, 멸치액젓, 설탕, 파 잘게 어슷 썰어, 굵은소금, 통깨 적당량을 한데 섞어 양념을 만들어주세요.
3. 준비한 재료에 양념을 넣고 골고루 무쳐주세요.
4. 그릇에 담으면 겉절이가 완성됩니다."
참치쌈장,[재료] 참치캔 (中) 1 개| 양파 1/2개| 대파 1/2개| 청양고추 2개| 된장 1큰술| 고추장 1큰술| 고춧가루 1큰술| 다진 마늘 1큰술| 물 1+1/2컵| 설탕 1큰술| 참기름 1큰술| 통깨 약간,"1. 양파, 대파, 청양고추를 어슷썰기 해주세요.
[TERM:어슷썰기]
2. 다진 마늘, 참치캔을 넣어주세요.
3. 손질한 양파, 대파, 청양고추를 넣고 함께 익혀주세요.
4. 된장, 고추장, 고춧가루, 설탕, 참기름, 통깨 약간을 넣고 간이 고르게 배도록 끓여주세요.
5. 재료가 충분히 익으면 참치쌈장을 완성해주세요."
감자짜글이찌개,[재료] 스팸 200g| 감자 2개| 양파 1개| 홍고추 1개| 청양고추 2개| 대파 1/2개| 고춧가루 2큰술| 고추장 1큰술| 된장 1/3큰술| 간장 2큰술| 설탕 1큰술| 마늘 1큰술| 물 2컵,"1. 스팸, 감자를 깍둑썰기 해주세요.
[TERM:깍둑썰기]
2. 양파, 홍고추, 청양고추, 대파를 어슷썰기 해주세요.
[TERM:어슷썰기]
3. 마늘을 다지기 해주세요.
[TERM:다지기]
4. 손질한 스팸, 감자, 양파, 홍고추, 청양고추, 대파, 마늘을 넣고 함께 익혀주세요.
5. 고춧가루, 고추장, 된장, 간장, 설탕을 넣고 간이 고르게 배도록 끓여주세요.
6. 재료가 충분히 익으면 감자짜글이찌개를 완성해주세요."
표고버섯볶음,[재료] 표고버섯 18개| 양파 1/2개| 다진 마늘 1T [소스] 소금 1/3T| 굴소스 1T| 집간장 1T| 설탕 3꼬집| 식용유 2T| 깨소금 1T| 참기름 1T| 후추 약간 [고명] 대파 약간| 미니파프리카 1개,"1. 표고버섯을 편썰기 해주세요.
[TERM:편썰기]
2. 양파, 대파 약간, 미니파프리카를 어슷썰기 해주세요.
[TERM:어슷썰기]
3. 팬에 기름을 두르고 다진 마늘을 먼저 볶아주세요.
4. 손질한 표고버섯, 양파, 대파 약간, 미니파프리카를 넣고 함께 볶아주세요.
5. 소금, 굴소스, 집간장, 설탕, 식용유, 깨소금, 참기름, 후추 약간을 넣고 재료 전체에 고르게 배도록 볶아주세요.
6. 재료가 충분히 볶아지면 표고버섯볶음을 완성해주세요."
두부시금치무침,[재료] 시금치 1단| 두부 1/2모 [양념] 간장 2T| 참기름 1T| 깨소금 1T| 설탕 0.5T| 소금 0.5T,"1. 손질한 두부, 시금치를 끓는 물에 살짝 데쳐주세요.
[TERM:데치다]
2. 간장, 참기름, 깨소금, 설탕, 소금을 한데 섞어 양념을 만들어주세요.
3. 준비한 재료에 양념을 넣고 골고루 무쳐주세요.
4. 그릇에 담으면 두부시금치무침이 완성됩니다."
배추전,[재료] 배추 속 1개| 밀가루 1 공기| 물 1 공기| 간장 1스푼| 식용유 넉넉히 [양념장] 국간장 1스푼| 진간장 2스푼| 다진마늘 0.5스푼| 고춧가루 0.5스푼| 참기름 1스푼| 파 다진것 1스푼| 설탕 0.5스푼| 식초 1스푼,"1. 배추 속을 넣어주세요.
2. 국간장, 진간장, 다진마늘, 고춧가루, 참기름, 파 다진것, 설탕, 식초, 밀가루, 간장, 식용유 넉넉히를 넣고 간이 고르게 배도록 끓여주세요.
3. 재료가 충분히 익으면 배추전을 완성해주세요."
참치계란간장밥,[재료] 밥 1공기| 계란 2개| 참치 2T| 대파 약간 [양념] 간장 1.5~2T| 참기름 1T| 깨 1T,"1. 대파 약간을 어슷썰기 해주세요.
[TERM:어슷썰기]
2. 계란은 그릇에 풀어주세요.
3. 밥, 참치를 넣어주세요.
4. 손질한 대파 약간을 넣고 함께 익혀주세요.
5. 간장, 참기름, 깨를 넣고 간이 고르게 배도록 끓여주세요.
6. 풀어둔 계란을 둘러가며 넣어 익혀주세요.
7. 재료가 충분히 익으면 참치계란간장밥을 완성해주세요."
간장오징어볶음,[재료] 오징어 1마리| 애호박 1/4개| 당근 1/4개| 양파 1/2개| 대파 1컵(종이컵)| 굵은소금 약간| 올리브유 약간 [양념] 간장 3큰술| 올리고당 1큰술| 설탕 1큰술| 미림 1큰술| 참기름 1큰술| 다진마늘 1/2큰술| 통깨 약간,"1. 오징어를 먹기 좋은 크기로 손질해주세요.
2. 애호박을 반달썰기 해주세요.
[TERM:반달썰기]
3. 당근을 채썰기 해주세요.
[TERM:채썰기]
4. 양파, 대파를 어슷썰기 해주세요.
[TERM:어슷썰기]
5. 팬에 기름을 두르고 올리브유 약간을 먼저 볶아주세요.
6. 손질한 오징어, 애호박, 당근, 양파, 대파를 넣고 함께 볶아주세요.
7. 간장, 올리고당, 설탕, 미림, 참기름, 다진마늘, 통깨 약간, 굵은소금 약간을 넣고 재료 전체에 고르게 배도록 볶아주세요.
8. 재료가 충분히 볶아지면 간장오징어볶음을 완성해주세요."
장조림,[재료] 소고기 홍두깨살 2근| 간장 1컵반(240ml)| 설탕 4큰술| 생강 1쪽(또는생강가루1/2큰술)| 물 2리터| 마늘 10알| 삶은계란 적당량,"1. 마늘을 다지기 해주세요.
[TERM:다지기]
2. 소고기 홍두깨살, 간장, 설탕을 섞어 양념장을 만들어주세요.
3. 냄비에 마늘, 생강을 넣고 양념장을 부어주세요.
4. 국물이 자작해질 때까지 졸여주세요.
[TERM:졸이다]
5. 국물이 충분히 졸아들면 장조림을 완성해주세요."
소고기메추리알장조림,[재료] 소고기 200g| 메추리알 40개| 파 1/2개| 양파 1/2개| 다시마 조금| 표고버섯 생략가능 [조림장] 설탕 3T| 간장 1/2컵| 맛술 1T| 올리고당 1T| 물 4컵,"1. 소고기를 깍둑썰기 해주세요.
[TERM:깍둑썰기]
2. 파, 양파를 어슷썰기 해주세요.
[TERM:어슷썰기]
3. 표고버섯 생략가능을 편썰기 해주세요.
[TERM:편썰기]
4. 다시마 조금은 물에 불려 부드럽게 준비해주세요.
5. 설탕, 간장, 맛술, 올리고당을 섞어 양념장을 만들어주세요.
6. 냄비에 소고기, 파, 양파, 표고버섯 생략가능, 메추리알을 넣고 양념장을 부어주세요.
7. 국물이 자작해질 때까지 졸여주세요.
[TERM:졸이다]
8. 국물이 충분히 졸아들면 소고기메추리알장조림을 완성해주세요."
간장치킨,[재료] 치킨너겟 20개| 견과류(아몬드or땅콩) 1줌(생략 가능) [양념] 진간장 3 스푼(밥수저)| 설탕 2 스푼(밥수저)| 올리고당 3 스푼(밥수저)| 다진 마늘 1 스푼(밥수저)| 매실액 1 스푼(밥수저)| 맛술 2 스푼(밥수저)| 물 3 스푼(밥수저),"1. 치킨너겟, 견과류를 넣어주세요.
2. 진간장, 설탕, 올리고당, 다진 마늘, 매실액, 맛술, 물을 넣고 간이 고르게 배도록 끓여주세요.
3. 재료가 충분히 익으면 간장치킨을 완성해주세요."
비빔냉면양념장,[재료] 고추장 2| 간장 1| 고춧가루 1| 설탕 1| 식초 1| 사이다 2| 매실액 1| 파| 마늘| 통깨,"1. 파를 어슷썰기 해주세요.
[TERM:어슷썰기]
2. 마늘을 다지기 해주세요.
[TERM:다지기]
3. 사이다를 넣어주세요.
4. 손질한 파, 마늘을 넣고 함께 익혀주세요.
5. 고추장, 간장, 고춧가루, 설탕, 식초, 매실액, 통깨를 넣고 간이 고르게 배도록 끓여주세요.
6. 재료가 충분히 익으면 비빔냉면양념장을 완성해주세요."
차돌박이된장찌개,[재료] 차돌박이 120g| 두부 1/2모| 애호박 1/3개| 양파 1/2개| 대파 1/4개| 청양고추 2개| 팽이버섯 1/3개 [양념] 된장 2큰술| 고추장 1/2큰술| 국간장 1/2큰술| 고춧가루 1/2큰술| 다진 마늘 1/2큰술| 해물다시팩 1개,"1. 차돌박이를 깍둑썰기 해주세요.
[TERM:깍둑썰기]
2. 애호박을 반달썰기 해주세요.
[TERM:반달썰기]
3. 양파, 대파, 청양고추를 어슷썰기 해주세요.
[TERM:어슷썰기]
4. 팽이버섯을 편썰기 해주세요.
[TERM:편썰기]
5. 두부를 넣어주세요.
6. 손질한 차돌박이, 애호박, 양파, 대파, 청양고추, 팽이버섯을 넣고 함께 익혀주세요.
7. 된장, 고추장, 국간장, 고춧가루, 다진 마늘, 해물다시팩을 넣고 간이 고르게 배도록 끓여주세요.
8. 재료가 충분히 익으면 차돌박이된장찌개를 완성해주세요."
숙주나물무침,[재료] 숙주 250~300g| 굵은소금 1/2스푼| 다진마늘 1/2스푼| 소금| 참기름 1스푼| 대파| 통깨,"1. 대파를 어슷썰기 해주세요.
[TERM:어슷썰기]
2. 숙주는 깨끗이 씻어 물기를 빼주세요.
3. 손질한 대파, 다진마늘을 끓는 물에 살짝 데쳐주세요.
[TERM:데치다]
4. 굵은소금, 소금, 참기름, 통깨를 한데 섞어 양념을 만들어주세요.
5. 준비한 재료에 양념을 넣고 골고루 무쳐주세요.
6. 그릇에 담으면 숙주나물무침이 완성됩니다."
무파래초무침,[재료] 파래 150g| 무 100g [무절임 양념] 식초 1T| 설탕 1/2T| 소금 약간 [무침 양념] 다진마늘 1T| 설탕 1T| 간장 1T| 국간장 1T| 식초 1T| 올리고당 1T| 깨소금 1T,"1. 파래를 어슷썰기 해주세요.
[TERM:어슷썰기]
2. 무를 나박썰기 해주세요.
[TERM:나박썰기]
3. 손질한 파래, 무를 끓는 물에 살짝 데쳐주세요.
[TERM:데치다]
4. 식초, 설탕, 소금 약간, 다진마늘, 간장, 국간장, 올리고당, 깨소금을 한데 섞어 양념을 만들어주세요.
5. 준비한 재료에 양념을 넣고 골고루 무쳐주세요.
6. 그릇에 담으면 무파래초무침이 완성됩니다."
투움바파스타,[재료] 휘핑크림 250ml| 쪽파or대파| 양송이버섯| 브로콜리| 칵테일새우| 페투치니면 [양념] 진간장 2스푼| 고춧가루 1스푼| 우유 50ml| 다진마늘 1스푼| 미림or청주 1스푼| 후추 약간,"1. 쪽파or대파를 어슷썰기 해주세요.
[TERM:어슷썰기]
2. 양송이버섯을 편썰기 해주세요.
[TERM:편썰기]
3. 칵테일새우를 먹기 좋은 크기로 손질해주세요.
4. 휘핑크림, 브로콜리, 페투치니면을 넣어주세요.
5. 손질한 쪽파or대파, 양송이버섯, 칵테일새우를 넣고 함께 익혀주세요.
6. 진간장, 고춧가루, 우유, 다진마늘, 미림or청주, 후추 약간을 넣고 간이 고르게 배도록 끓여주세요.
7. 재료가 충분히 익으면 투움바파스타를 완성해주세요."
멸치육수잔치국수,[재료] 소면 1웅큼| 김가루| 송송 썰은파 약간 [육수재료] 다시멸치 10마리| 물 500ml| 국간장 1스푼| 소금 2꼬집| 다진마늘 약간 [김치양념] 송송 썰은 김치 2스푼| 통깨 1/4스푼| 설탕 1/4스푼| 참기름 약간,"1. 송송 썰은파 약간을 어슷썰기 해주세요.
[TERM:어슷썰기]
2. 다시멸치, 물, 국간장, 소금, 다진마늘 약간을 냄비에 넣고 끓여 국물을 준비해주세요.
3. 소면, 김가루를 넣어주세요.
4. 손질한 송송 썰은파 약간을 넣고 함께 익혀주세요.
5. 송송 썰은 김치, 통깨, 설탕, 참기름 약간을 넣고 간이 고르게 배도록 끓여주세요.
6. 재료가 충분히 익으면 멸치육수잔치국수를 완성해주세요."
양파덮밥,[재료] 양파 작은것 2개| 계란 2개| 쪽파or대파 약간| 밥 2공기 [양념] 물 12큰술| 설탕 2큰술| 맛술 4큰술| 간장 4큰술,"1. 양파 작은것, 쪽파or대파 약간을 어슷썰기 해주세요.
[TERM:어슷썰기]
2. 계란은 그릇에 풀어주세요.
3. 밥을 넣어주세요.
4. 손질한 양파 작은것, 쪽파or대파 약간을 넣고 함께 익혀주세요.
5. 물, 설탕, 맛술, 간장을 넣고 간이 고르게 배도록 끓여주세요.
6. 풀어둔 계란을 둘러가며 넣어 익혀주세요.
7. 재료가 충분히 익으면 양파덮밥을 완성해주세요."
차돌박이찜,[재료] 차돌박이 10장| 깻잎 5장| 팽이버섯 1묶음| 숙주나물 1주먹 [미소된장마요소스] 미소된장 1큰숟갈| 마요네즈 1숟갈| 올리고당 1숟갈| 다진마늘 0.5숟갈| 고춧가루 0.3숟갈| 청양고추 1개다진것| 물 2숟갈,"1. 차돌박이를 깍둑썰기 해주세요.
[TERM:깍둑썰기]
2. 팽이버섯을 편썰기 해주세요.
[TERM:편썰기]
3. 깻잎을 넣어주세요.
4. 손질한 차돌박이, 팽이버섯을 넣고 함께 익혀주세요.
5. 미소된장, 마요네즈, 올리고당, 다진마늘, 고춧가루, 청양고추, 물을 넣고 간이 고르게 배도록 끓여주세요.
6. 재료가 충분히 익으면 차돌박이찜을 완성해주세요."
흰죽,[재료] 쌀(종이컵 기준) 1컵| 참기름 1 - 2 큰 술| 물 500ml ~ 취향껏 [간장 양념장] 간장 2 큰 술| 참기름 1/2 큰 술| 깨소금 약간,"1. 쌀을 넣어주세요.
2. 간장, 참기름, 깨소금 약간을 넣고 간이 고르게 배도록 끓여주세요.
3. 재료가 충분히 익으면 흰죽을 완성해주세요."
고사리나물볶음,[재료] 삶은 고사리 300g(약 2.5줌)| 다진마늘 1큰술| 다진파 1큰술| 국간장 1큰술| 설탕 1작은술| 들기름 4큰술| 깨소금 조금,"1. 팬에 기름을 두르고 다진마늘, 다진파, 삶은 고사리를 먼저 볶아주세요.
2. 국간장, 설탕, 들기름, 깨소금 조금을 넣고 재료 전체에 고르게 배도록 볶아주세요.
3. 재료가 충분히 볶아지면 고사리나물볶음을 완성해주세요."
부추잡채,[재료] 잡채| 파프리카| 피망| 당근| 적양파| 표고버섯| 부추| 잡채용 한우소고기 [당면 밑간] 간장 2스푼| 설탕 1스푼 [고기 밑간] 간장 1스푼| 매실액 0.5스푼| 후추| 참기름,"1. 파프리카, 피망, 적양파를 어슷썰기 해주세요.
[TERM:어슷썰기]
2. 당근을 채썰기 해주세요.
[TERM:채썰기]
3. 표고버섯을 편썰기 해주세요.
[TERM:편썰기]
4. 잡채용 한우소고기를 깍둑썰기 해주세요.
[TERM:깍둑썰기]
5. 간장, 설탕, 매실액, 후추, 참기름을 섞어 밑간을 만들고, 주재료에 미리 배어들게 재워주세요.
6. 잡채, 부추를 넣어주세요.
7. 손질한 파프리카, 피망, 적양파, 당근, 표고버섯, 잡채용 한우소고기를 넣고 함께 익혀주세요.
8. 재료가 충분히 익으면 부추잡채를 완성해주세요."
계란말이,[재료] 계란 4알| 물 50cc| 대파 1대| 소금 약간,"1. 대파를 어슷썰기 해주세요.
[TERM:어슷썰기]
2. 계란은 그릇에 풀어주세요.
3. 손질한 대파를 넣고 함께 익혀주세요.
4. 소금 약간을 넣고 간이 고르게 배도록 끓여주세요.
5. 풀어둔 계란을 둘러가며 넣어 익혀주세요.
6. 재료가 충분히 익으면 계란말이를 완성해주세요."
고등어조림,[재료] 고등어 2마리| 무| 양파| 대파| 청양고추 [양념] 설탕 1큰술| 다진마늘 1+1/2큰술| 다진생강 1/3큰술| 된장 1/2~1큰술| 진간장 1/3컵| 들기름 2큰술| 고추가루 3큰술,"1. 무를 나박썰기 해주세요.
[TERM:나박썰기]
2. 양파, 대파, 청양고추를 어슷썰기 해주세요.
[TERM:어슷썰기]
3. 설탕, 다진마늘, 다진생강, 된장, 진간장, 들기름, 고추가루를 섞어 양념장을 만들어주세요.
4. 냄비에 무, 양파, 대파, 청양고추, 고등어를 넣고 양념장을 부어주세요.
5. 국물이 자작해질 때까지 졸여주세요.
[TERM:졸이다]
6. 국물이 충분히 졸아들면 고등어조림을 완성해주세요."
검은콩자반,[재료] 검은콩 2컵 [양념] 물 3컵| 식용유 1T| 간장 8T| 올리고당 6T| 맛술 2T| 설탕2T,"1. 검은콩을 넣어주세요.
2. 물, 식용유, 간장, 올리고당, 맛술, 설탕을 넣고 간이 고르게 배도록 끓여주세요.
3. 재료가 충분히 익으면 검은콩자반을 완성해주세요."
알리오올리오파스타,[재료] 스파게티면 200g| 올리브오일| 마늘 10~13쪽| 파마산치즈| 페처론치노| 소금| 파슬리,"1. 스파게티면, 파마산치즈, 파슬리를 어슷썰기 해주세요.
[TERM:어슷썰기]
2. 마늘을 다지기 해주세요.
[TERM:다지기]
3. 올리브오일, 페처론치노를 넣어주세요.
4. 손질한 스파게티면, 파마산치즈, 파슬리, 마늘을 넣고 함께 익혀주세요.
5. 소금을 넣고 간이 고르게 배도록 끓여주세요.
6. 재료가 충분히 익으면 알리오올리오파스타를 완성해주세요."
감자계란국,[재료] 감자 2개| 계란 1개| 멸치| 다시마육수용| 물 600ml| 대파 1줌| 국간장 1스푼| 소금 간에 맞게| 후추 톡톡| 청양고추 기호에맞게| 참기름 2스푼| 다진마늘 1/2스푼,"1. 감자를 깍둑썰기 해주세요.
[TERM:깍둑썰기]
2. 대파, 청양고추 기호에맞게를 어슷썰기 해주세요.
[TERM:어슷썰기]
3. 계란은 그릇에 풀어주세요.
4. 다진마늘, 멸치를 넣어주세요.
5. 손질한 감자, 대파, 청양고추 기호에맞게를 넣고 함께 익혀주세요.
6. 다시마육수용, 국간장, 소금 간에 맞게, 후추 톡톡, 참기름을 넣고 간이 고르게 배도록 끓여주세요.
7. 풀어둔 계란을 둘러가며 넣어 익혀주세요.
8. 재료가 충분히 익으면 감자계란국을 완성해주세요."
봄동겉절이,[준비재료] 봄동 1다발 [봄동겉절이양념] 고춧가루 3T| 멸치액젓 2T| 매실액 2T| 설탕 1T| 참기름 2T| 다진마늘 1/2T| 통깨 듬뿍| 소금 살짝,"1. 손질한 봄동을 끓는 물에 살짝 데쳐주세요.
[TERM:데치다]
2. 고춧가루, 멸치액젓, 매실액, 설탕, 참기름, 다진마늘, 통깨 듬뿍, 소금 살짝을 한데 섞어 양념을 만들어주세요.
3. 준비한 재료에 양념을 넣고 골고루 무쳐주세요.
4. 그릇에 담으면 봄동겉절이가 완성됩니다."
어묵꼬치탕,[재료] 납작어묵 4장| 곤약 적당량| 산적용꼬지| 대파 약간| 팽이버섯 1줌 [양념] 물 6컵| 국간장 2스푼| 무 2토막| 대파 2토막| 건다시마 적당량| 통후추 약간| 다진마늘 1/2스푼,"1. 대파 약간을 어슷썰기 해주세요.
[TERM:어슷썰기]
2. 팽이버섯을 편썰기 해주세요.
[TERM:편썰기]
3. 납작어묵, 곤약 적당량, 산적용꼬지를 넣어주세요.
4. 손질한 대파 약간, 팽이버섯을 넣고 함께 익혀주세요.
5. 물, 국간장, 무, 대파, 건다시마 적당량, 통후추 약간, 다진마늘을 넣고 간이 고르게 배도록 끓여주세요.
6. 재료가 충분히 익으면 어묵꼬치탕을 완성해주세요."
마약김밥,[재료] 단무지| 당근| 시금치| 밥| 김| 소금| 후추| 참기름| 깨 [겨자 소스] 연겨자 1큰술| 간장 1큰술| 설탕 1큰술| 참기름 1작은술| 식초 1큰술| 꿀 1작은술| 생수 1큰술| 깨 조금,"1. 단무지를 나박썰기 해주세요.
[TERM:나박썰기]
2. 당근을 채썰기 해주세요.
[TERM:채썰기]
3. 시금치, 밥, 김을 넣어주세요.
4. 손질한 단무지, 당근을 넣고 함께 익혀주세요.
5. 연겨자, 간장, 설탕, 참기름, 식초, 꿀, 생수, 깨 조금, 소금, 후추, 깨를 넣고 간이 고르게 배도록 끓여주세요.
6. 재료가 충분히 익으면 마약김밥을 완성해주세요."
교촌치킨,[재료] 닭봉 9개| 전분가루 적당량 [밑간] 소금 1/2T| 후춧가루 5번톡톡| 맛술 3T [양념] 진간장 2T| 설탕 1T| 물엿 2T| 마늘 3쪽| 물 5~6T,"1. 닭봉을 깍둑썰기 해주세요.
[TERM:깍둑썰기]
2. 소금, 후춧가루, 맛술을 섞어 밑간을 만들고, 주재료에 미리 배어들게 재워주세요.
3. 손질한 닭봉을 넣고 함께 익혀주세요.
4. 진간장, 설탕, 물엿, 마늘, 물, 전분가루 적당량을 넣고 간이 고르게 배도록 끓여주세요.
5. 재료가 충분히 익으면 교촌치킨을 완성해주세요."
꽁치김치찌개,[재료] 꽁치통조림 1캔| 김치 1/4포기| 양파 1/2개| 대파 1/2대| 물 1캔(통조림 캔으로 계량) [양념 ] 고춧가루 2스푼| 된장 0.3스푼| 다진 마늘 0.5스푼| 설탕 1스푼| 참기름 1스푼,"1. 김치를 채썰기 해주세요.
[TERM:채썰기]
2. 양파, 대파를 어슷썰기 해주세요.
[TERM:어슷썰기]
3. 꽁치통조림을 넣어주세요.
4. 손질한 김치, 양파, 대파를 넣고 함께 익혀주세요.
5. 고춧가루, 된장, 다진 마늘, 설탕, 참기름을 넣고 간이 고르게 배도록 끓여주세요.
6. 재료가 충분히 익으면 꽁치김치찌개를 완성해주세요."
새우달걀볶음,[재료] 숙주 2-3줌| 달걀 1-2개| 새우 10-12마리| 양파 1/2개| 청양고추 1-2개| 쪽파 1줌 [양념장] 굴소스 2T| 간장 1-1.5T| 다진마늘 1T| 참기름 0.5T| 후추 약간| 통깨 약간 [새우밑간] 청주 1T| 소금 톡톡| 후추 톡톡,"1. 새우를 먹기 좋은 크기로 손질해주세요.
2. 양파, 청양고추, 쪽파를 어슷썰기 해주세요.
[TERM:어슷썰기]
3. 숙주는 깨끗이 씻어 물기를 빼주세요.
4. 청주, 소금 톡톡, 후추 톡톡을 섞어 밑간을 만들고, 주재료에 미리 배어들게 재워주세요.
5. 손질한 새우, 양파, 청양고추, 쪽파를 넣고 함께 볶아주세요.
6. 굴소스, 간장, 다진마늘, 참기름, 후추 약간, 통깨 약간을 넣고 재료 전체에 고르게 배도록 볶아주세요.
7. 재료가 충분히 볶아지면 새우달걀볶음을 완성해주세요."
계란국,[재료] 계란 1개| 물 300ml(1컵)| 홍고추 1개| 대파 1/2대| 멸치 6마리| 미림 1T [국 간(밥숟가락 계량)] 소금 1/4T| 다진마늘 1/4T| 후추 톡톡| 국간장 1/2T,"1. 홍고추, 대파를 어슷썰기 해주세요.
[TERM:어슷썰기]
2. 계란은 그릇에 풀어주세요.
3. 다진마늘, 멸치를 넣어주세요.
4. 손질한 홍고추, 대파를 넣고 함께 익혀주세요.
5. 미림, 소금, 후추 톡톡, 국간장을 넣고 간이 고르게 배도록 끓여주세요.
6. 풀어둔 계란을 둘러가며 넣어 익혀주세요.
7. 재료가 충분히 익으면 계란국을 완성해주세요."
야채죽,[재료] 양파 30g| 애호박 돌려깍기 40g| 당근 40g| 표고버섯 2개 40g [양념] 참기름 1T| 마늘 1t| 물 600ml| 소금 1t,"1. 양파를 어슷썰기 해주세요.
[TERM:어슷썰기]
2. 애호박 돌려깍기를 반달썰기 해주세요.
[TERM:반달썰기]
3. 당근을 채썰기 해주세요.
[TERM:채썰기]
4. 표고버섯을 편썰기 해주세요.
[TERM:편썰기]
5. 손질한 양파, 애호박 돌려깍기, 당근, 표고버섯을 넣고 함께 익혀주세요.
6. 참기름, 마늘, 물, 소금을 넣고 간이 고르게 배도록 끓여주세요.
7. 재료가 충분히 익으면 야채죽을 완성해주세요."
간장파스타,[재료] 파스타면 1인분(1인분 500원동전만큼)| 양파 1/2개| 베이컨 70g| 마늘 2쪽| 청양고추 3개| 올리브유(또는식용유) 조금 [양념] 간장 2T| 참기름 1T| 설탕 1T,"1. 파스타면, 양파, 청양고추를 어슷썰기 해주세요.
[TERM:어슷썰기]
2. 베이컨을 깍둑썰기 해주세요.
[TERM:깍둑썰기]
3. 마늘을 다지기 해주세요.
[TERM:다지기]
4. 올리브유 조금을 넣어주세요.
5. 손질한 파스타면, 양파, 청양고추, 베이컨, 마늘을 넣고 함께 익혀주세요.
6. 간장, 참기름, 설탕을 넣고 간이 고르게 배도록 끓여주세요.
7. 재료가 충분히 익으면 간장파스타를 완성해주세요."
짜장면,[재료] 양파 1개| 양배추 1/5개| 돼지고기 200g| 오이 1/3개| 파 2줄기| 파스타면 2인분 [양념] 춘장 1/3컵| 설탕 1T| 물전분 3T,"1. 양파, 오이, 파, 파스타면을 어슷썰기 해주세요.
[TERM:어슷썰기]
2. 돼지고기를 깍둑썰기 해주세요.
[TERM:깍둑썰기]
3. 양배추를 넣어주세요.
4. 손질한 양파, 오이, 파, 파스타면, 돼지고기를 넣고 함께 익혀주세요.
5. 춘장, 설탕, 물전분을 넣고 간이 고르게 배도록 끓여주세요.
6. 재료가 충분히 익으면 짜장면을 완성해주세요."
김치수제비,[재료] 김치 국그릇 1개| 김치국물 1국자| 참기름 1스푼| 멸치다시마육수 1200ml| 대파 1/2개| 청양고추 1개~ 2개| 감자 1개| 양파 1개| 호박 1/2개| 국간장 1스푼| 고추가루 1스푼| 다진마늘 1/2티스푼| 소금 [수제비 반죽 재료] 밀가루 종이컵 2컵| 물 2/3컵| 소금 1/2스푼 [멸치다시마육수 재료] 멸치 1주먹| 다시마 2장| 물 1200ml,"1. 김치 국그릇을 채썰기 해주세요.
[TERM:채썰기]
2. 대파, 청양고추, 양파를 어슷썰기 해주세요.
[TERM:어슷썰기]
3. 감자를 깍둑썰기 해주세요.
[TERM:깍둑썰기]
4. 호박을 반달썰기 해주세요.
[TERM:반달썰기]
5. 멸치, 다시마, 물을 냄비에 넣고 끓여 국물을 준비해주세요.
6. 다진마늘을 넣어주세요.
7. 손질한 김치 국그릇, 대파, 청양고추, 양파, 감자, 호박을 넣고 함께 익혀주세요.
8. 참기름, 멸치다시마육수, 국간장, 고추가루, 소금, 밀가루 종이컵을 넣고 간이 고르게 배도록 끓여주세요.
9. 재료가 충분히 익으면 김치수제비를 완성해주세요."
메추리알조림,[재료] 메추리알 270g| 스팸 1/2캔| 청양고추 1~2개| 올리고당 1바퀴| 다진마늘 1커피스푼| 참기름 1스푼| 통깨 적당히 [간장소스] 간장 6스푼| 설탕 1.5스푼| 맛술 2스푼| 물 1종이컵,"1. 스팸을 깍둑썰기 해주세요.
[TERM:깍둑썰기]
2. 청양고추를 어슷썰기 해주세요.
[TERM:어슷썰기]
3. 간장, 설탕, 맛술, 물, 올리고당, 참기름, 통깨 적당히를 섞어 양념장을 만들어주세요.
4. 냄비에 스팸, 청양고추, 다진마늘, 메추리알을 넣고 양념장을 부어주세요.
5. 국물이 자작해질 때까지 졸여주세요.
[TERM:졸이다]
6. 국물이 충분히 졸아들면 메추리알조림을 완성해주세요."
두부짜글이,[재료] 두부 1모| 양파 1/2개| 청양고추 2개| 대파 [양념] 고춧가루 1.5T| 고추장 1.5T| 간장 2T| 설탕 1T| 다진마늘 1/2T,"1. 양파, 청양고추, 대파를 어슷썰기 해주세요.
[TERM:어슷썰기]
2. 두부를 넣어주세요.
3. 손질한 양파, 청양고추, 대파를 넣고 함께 익혀주세요.
4. 고춧가루, 고추장, 간장, 설탕, 다진마늘을 넣고 간이 고르게 배도록 끓여주세요.
5. 재료가 충분히 익으면 두부짜글이를 완성해주세요."
오리불고기,[재료] 오리 1마리| 양파 3개| 부추 1/2단| 파 약간 [양념] 마늘 2스푼| 고추장 3스푼| 고춧가루 1스푼| 후추 약간| 매실엑기스 2스푼| 간장 3+1/2스푼,"1. 양파, 파 약간을 어슷썰기 해주세요.
[TERM:어슷썰기]
2. 오리, 부추를 넣어주세요.
3. 손질한 양파, 파 약간을 넣고 함께 익혀주세요.
4. 마늘, 고추장, 고춧가루, 후추 약간, 매실엑기스, 간장을 넣고 간이 고르게 배도록 끓여주세요.
5. 재료가 충분히 익으면 오리불고기를 완성해주세요."
간장돼지불고기,[재료] 돼지고기| 당근| 호박| 버섯| 양파| 대파| 간장| 올리고당| 설탕| 후추| 다진마늘| 참기름| 깨,"1. 돼지고기를 깍둑썰기 해주세요.
[TERM:깍둑썰기]
2. 당근을 채썰기 해주세요.
[TERM:채썰기]
3. 호박을 반달썰기 해주세요.
[TERM:반달썰기]
4. 버섯을 편썰기 해주세요.
[TERM:편썰기]
5. 양파, 대파를 어슷썰기 해주세요.
[TERM:어슷썰기]
6. 다진마늘을 넣어주세요.
7. 손질한 돼지고기, 당근, 호박, 버섯, 양파, 대파를 넣고 함께 익혀주세요.
8. 간장, 올리고당, 설탕, 후추, 참기름, 깨를 넣고 간이 고르게 배도록 끓여주세요.
9. 재료가 충분히 익으면 간장돼지불고기를 완성해주세요."
보쌈삶는법,[생생정보통보쌈레시피] 앞다리 사태살 1kg| 물 25컵(5000CC)| 무 1/4개| 양파 1/2개| 대파 2뿌리| 마늘 15알| 생강 10조각| 통후추 30알| 감초 5개| 월계수잎 5장| 된장 2큰술| 굵은소금 2큰술| 소주 1/2컵(100CC)| 찬물 적당량| 굵은소금 3큰술 [보쌈삶는법약식] 삼겹수육용 800g| 물 4리터| 무 1/5개| 양파 1/2개| 대파 1뿌리| 마늘 5알| 통생강 2개| 된장 2큰술| 새우젓 1큰술| 소주 1/2컵| 찬물 적당량| 굵은소금 2큰술,"1. 무를 나박썰기 해주세요.
[TERM:나박썰기]
2. 양파, 대파를 어슷썰기 해주세요.
[TERM:어슷썰기]
3. 마늘을 다지기 해주세요.
[TERM:다지기]
4. 새우젓을 먹기 좋은 크기로 손질해주세요.
5. 앞다리 사태살, 생강, 감초, 삼겹수육용, 통생강을 넣어주세요.
6. 손질한 무, 양파, 대파, 마늘, 새우젓을 넣고 함께 익혀주세요.
7. 통후추, 월계수잎, 된장, 굵은소금, 소주를 넣고 간이 고르게 배도록 끓여주세요.
8. 재료가 충분히 익으면 보쌈삶는법을 완성해주세요."
대패삼겹살숙주볶음,[재료] 대패삼겹살 250-300g| 숙주 1/2봉지| 파채 1~2줌| 양파 1/2개| 고춧가루 3스푼| 진간장 3스푼| 올리고당 3스푼| 굴소스 3스푼| 맛술 3스푼| 다진마늘 1/2스푼,"1. 대패삼겹살을 깍둑썰기 해주세요.
[TERM:깍둑썰기]
2. 파채, 양파를 어슷썰기 해주세요.
[TERM:어슷썰기]
3. 숙주는 깨끗이 씻어 물기를 빼주세요.
4. 팬에 기름을 두르고 대패삼겹살, 다진마늘을 먼저 볶아주세요.
5. 손질한 파채, 양파를 넣고 함께 볶아주세요.
6. 고춧가루, 진간장, 올리고당, 굴소스, 맛술을 넣고 재료 전체에 고르게 배도록 볶아주세요.
7. 재료가 충분히 볶아지면 대패삼겹살숙주볶음을 완성해주세요."
우유달걀카레,[재료] 카레가루 3.5큰술| 우유 200ml| 달걀 1개| 양파 1/2개| 통조림 햄 제일 작은거 1/2통,"1. 양파를 어슷썰기 해주세요.
[TERM:어슷썰기]
2. 달걀은 그릇에 풀어주세요.
3. 통조림 햄 제일 작은거를 넣어주세요.
4. 손질한 양파를 넣고 함께 익혀주세요.
5. 카레가루를 넣고 간이 고르게 배도록 끓여주세요.
6. 풀어둔 달걀을 둘러가며 넣어 익혀주세요.
7. 재료가 충분히 익으면 우유달걀카레를 완성해주세요."
스테이크굽기,[재료] 스테이크용 소고기 300g| 소금·후추 약간씩| 올리브유 2T [소스] 집에 있는 스테이크 소스 원하는만큼| or 홀그레인 머스타드 원하는만큼,"1. 스테이크용 소고기를 깍둑썰기 해주세요.
[TERM:깍둑썰기]
2. 올리브유를 넣어주세요.
3. 손질한 스테이크용 소고기를 넣고 함께 익혀주세요.
4. 집에 있는 스테이크 소스 원하는만큼, or 홀그레인 머스타드 원하는만큼, 소금·후추 약간씩을 넣고 간이 고르게 배도록 끓여주세요.
5. 재료가 충분히 익으면 스테이크굽기를 완성해주세요."
함박스테이크,[재료] 돼지고기간거 300g| 소고기 간거 300g| 다진양파 2컵| 다진마늘 1T| 케찹 1스푼| 우스타소스 1/4컵| 빵가루 2컵| 계란 2개| 소금 1/2T| 후추 약간| 버터 1/2조각| 식용유 2T? [양념재료] 양파 1개| 양송이버섯 6개| 케찹 1스푼| 설탕 1스푼| 간장 1/2스푼| 버터 1/3개| 물 2스푼? [같이먹으면좋을재료] 파인애플통조림| 아스파라거스| 새싹채소| 방울토마토| 계란| 체다치즈,"1. 돼지고기간거, 소고기 간거를 깍둑썰기 해주세요.
[TERM:깍둑썰기]
2. 파인애플통조림, 아스파라거스를 어슷썰기 해주세요.
[TERM:어슷썰기]
3. 계란은 그릇에 풀어주세요.
4. 다진양파, 다진마늘, 우스타소스, 빵가루, 버터, 새싹채소, 방울토마토, 체다치즈를 넣어주세요.
5. 손질한 돼지고기간거, 소고기 간거, 파인애플통조림, 아스파라거스를 넣고 함께 익혀주세요.
6. 양파, 양송이버섯, 케찹, 설탕, 간장, 버터, 물, 소금, 후추 약간, 식용유를 넣고 간이 고르게 배도록 끓여주세요.
7. 풀어둔 계란을 둘러가며 넣어 익혀주세요.
8. 재료가 충분히 익으면 함박스테이크를 완성해주세요."
칼국수,[재료] 칼국수 면 2인분 300g| 멸치 다시마 육수 9컵| 달걀 1개| 쪽파 2대 [양념] 다진 마늘 0.5스푼| 국간장 1스푼| 멸치 액젓 1스푼| 소금 적당히| 후춧가루 적당히 [선택 재료] 김가루| 고춧가루| 간깨,"1. 쪽파를 어슷썰기 해주세요.
[TERM:어슷썰기]
2. 달걀은 그릇에 풀어주세요.
3. 칼국수 면, 김가루를 넣어주세요.
4. 손질한 쪽파를 넣고 함께 익혀주세요.
5. 다진 마늘, 국간장, 멸치 액젓, 소금 적당히, 후춧가루 적당히, 멸치 다시마 육수, 고춧가루, 간깨를 넣고 간이 고르게 배도록 끓여주세요.
6. 풀어둔 달걀을 둘러가며 넣어 익혀주세요.
7. 재료가 충분히 익으면 칼국수를 완성해주세요."
무말랭이,[재료] 무말랭이 1컵 [양념] 고춧가루 4-6큰술| 물엿 2큰술| 매실청 1큰술| 다진마늘 1큰술| 다진생강 1작은술| 간장 1큰술| 액젓 1큰술| 찹쌀풀 1/2컵| 쪽파 1/2줌| 깨 1큰술,"1. 무말랭이를 나박썰기 해주세요.
[TERM:나박썰기]
2. 손질한 무말랭이를 넣고 함께 익혀주세요.
3. 고춧가루, 물엿, 매실청, 다진마늘, 다진생강, 간장, 액젓, 찹쌀풀, 쪽파, 깨를 넣고 간이 고르게 배도록 끓여주세요.
4. 재료가 충분히 익으면 무말랭이를 완성해주세요."
소고기샤브샤브,[재료] 얇은소고기(샤브/불고기용) 300g| 새송이버섯 1줌| 팽이버섯 1줌| 표고버섯 1줌| 배추 6장| 청경채 6장| 대파 1대 [육수재료] 물 1L| 멸치 6마리| 다시마 2조각| 무 1조각| 대파뿌리 1개| 소금 1/4T| 국간장 1T [소스재료] 간장 4T| 식초 1T| 맛술 1T| 설탕 1/2T| 겨자 1/2작은술,"1. 얇은소고기샤브를 깍둑썰기 해주세요.
[TERM:깍둑썰기]
2. 새송이버섯, 팽이버섯, 표고버섯을 편썰기 해주세요.
[TERM:편썰기]
3. 대파를 어슷썰기 해주세요.
[TERM:어슷썰기]
4. 물, 멸치, 다시마, 무, 대파뿌리, 소금, 국간장을 냄비에 넣고 끓여 국물을 준비해주세요.
5. 배추, 청경채를 넣어주세요.
6. 손질한 얇은소고기샤브, 새송이버섯, 팽이버섯, 표고버섯, 대파를 넣고 함께 익혀주세요.
7. 간장, 식초, 맛술, 설탕, 겨자를 넣고 간이 고르게 배도록 끓여주세요.
8. 재료가 충분히 익으면 소고기샤브샤브를 완성해주세요."
전복버터구이,[주재료] 전복 4마리| 버터 1/2Ts| 간마늘 1/2Ts| 파슬리 약간| 소금 1꼬집,"1. 간마늘을 다지기 해주세요.
[TERM:다지기]
2. 파슬리 약간을 어슷썰기 해주세요.
[TERM:어슷썰기]
3. 전복, 버터를 넣어주세요.
4. 손질한 간마늘, 파슬리 약간을 넣고 함께 익혀주세요.
5. 소금을 넣고 간이 고르게 배도록 끓여주세요.
6. 재료가 충분히 익으면 전복버터구이를 완성해주세요."
계란새우볶음밥,[재료] 밥 2공기| 양파 1/2 개| 대파 1/2 대| 당근 1/3 개| 계란 3개| 굴소스 1 큰 술| 소금 약간| 참기름 1 큰 술| 후춧가루 약간| 통깨 적당량,"1. 양파, 대파를 어슷썰기 해주세요.
[TERM:어슷썰기]
2. 당근을 채썰기 해주세요.
[TERM:채썰기]
3. 계란은 그릇에 풀어주세요.
4. 밥을 넣어주세요.
5. 손질한 양파, 대파, 당근을 넣고 함께 익혀주세요.
6. 굴소스, 소금 약간, 참기름, 후춧가루 약간, 통깨 적당량을 넣고 간이 고르게 배도록 끓여주세요.
7. 풀어둔 계란을 둘러가며 넣어 익혀주세요.
8. 재료가 충분히 익으면 계란새우볶음밥을 완성해주세요."
오징어초무침,[재료] 오징어 1마리| 당근 조금| 오이 1개| 양파 1/2개 [양념] 고추장 0.5T| 고춧가루 1.5T| 다진마늘 0.5T| 간장 0.5T| 설탕 3T| 식초 2T| 참기름 0.5T| 통깨 조금,"1. 오징어를 먹기 좋은 크기로 손질해주세요.
2. 당근 조금을 채썰기 해주세요.
[TERM:채썰기]
3. 오이, 양파를 어슷썰기 해주세요.
[TERM:어슷썰기]
4. 손질한 오징어, 당근 조금, 오이, 양파를 끓는 물에 살짝 데쳐주세요.
[TERM:데치다]
5. 고추장, 고춧가루, 다진마늘, 간장, 설탕, 식초, 참기름, 통깨 조금을 한데 섞어 양념을 만들어주세요.
6. 준비한 재료에 양념을 넣고 골고루 무쳐주세요.
7. 그릇에 담으면 오징어초무침이 완성됩니다."
오이지,[재료] 오이반접 50개| 천일염 4컵| 식초 4컵| 설탕 1kg,"1. 오이반접을 어슷썰기 해주세요.
[TERM:어슷썰기]
2. 천일염을 넣어주세요.
3. 손질한 오이반접을 넣고 함께 익혀주세요.
4. 식초, 설탕을 넣고 간이 고르게 배도록 끓여주세요.
5. 재료가 충분히 익으면 오이지를 완성해주세요."
오이부추무침,[재료] 부추 1/2줌| 오이 1개 [양념] 고추장 1T| 간장 3T| 고추가루 2T| 다진마늘 1T| 설탕 1T| 식초 1T| 들기름 1T| 깨 약간,"1. 오이를 어슷썰기 해주세요.
[TERM:어슷썰기]
2. 손질한 오이, 부추를 끓는 물에 살짝 데쳐주세요.
[TERM:데치다]
3. 고추장, 간장, 고추가루, 다진마늘, 설탕, 식초, 들기름, 깨 약간을 한데 섞어 양념을 만들어주세요.
4. 준비한 재료에 양념을 넣고 골고루 무쳐주세요.
5. 그릇에 담으면 오이부추무침이 완성됩니다."
대패덮밥,[재료] 대패 삼겹살 400g| 대파 2뿌리| 설탕 2스푼| 맛간장(OR진간장) 4스푼,"1. 대패 삼겹살을 깍둑썰기 해주세요.
[TERM:깍둑썰기]
2. 대파를 어슷썰기 해주세요.
[TERM:어슷썰기]
3. 손질한 대패 삼겹살, 대파를 넣고 함께 익혀주세요.
4. 설탕, 맛간장을 넣고 간이 고르게 배도록 끓여주세요.
5. 재료가 충분히 익으면 대패덮밥을 완성해주세요."
북어국,[재료] 황태 북어채 2줌| 대파 1/2대| 청양고추 1개| 달걀 2개 [양념] 국간장 2큰술| 마늘 2쪽| 소금| 후추| 참기름| 물,"1. 대파, 청양고추를 어슷썰기 해주세요.
[TERM:어슷썰기]
2. 달걀은 그릇에 풀어주세요.
3. 황태 북어채를 넣어주세요.
4. 손질한 대파, 청양고추를 넣고 함께 익혀주세요.
5. 국간장, 마늘, 소금, 후추, 참기름, 물을 넣고 간이 고르게 배도록 끓여주세요.
6. 풀어둔 달걀을 둘러가며 넣어 익혀주세요.
7. 재료가 충분히 익으면 북어국을 완성해주세요."
크래미유부초밥,[재료] 크래미 5개| 시판 유부초밥 2인용 1 봉지| 밥 2/3공기| 양파 1/4개| 마요네즈 3.5큰술| 허니머스터드 1큰술| 후추(선택) 약간| 치커리(선택) 약간,"1. 양파를 어슷썰기 해주세요.
[TERM:어슷썰기]
2. 크래미, 시판 유부초밥, 밥, 허니머스터드, 치커리 약간을 넣어주세요.
3. 손질한 양파를 넣고 함께 익혀주세요.
4. 마요네즈, 후추 약간을 넣고 간이 고르게 배도록 끓여주세요.
5. 재료가 충분히 익으면 크래미유부초밥을 완성해주세요."
만두버섯전골,[필수재료] 만두 6개| 느타리버섯 100g| 팽이버섯 100g| 표고버섯 2개| 배추 2장| 쑥갓 2줄기| 청경채 1포기| 양파 1/6개| 대파 5cm| 사골육수 3종이컵 [양념재료] 고춧가루 2숟가락| 국간장 2숟가락| 다진마늘 1/2숟가락| 후추 약간,"1. 느타리버섯, 팽이버섯, 표고버섯을 편썰기 해주세요.
[TERM:편썰기]
2. 양파, 대파를 어슷썰기 해주세요.
[TERM:어슷썰기]
3. 만두, 배추, 쑥갓, 청경채를 넣어주세요.
4. 손질한 느타리버섯, 팽이버섯, 표고버섯, 양파, 대파를 넣고 함께 익혀주세요.
5. 고춧가루, 국간장, 다진마늘, 후추 약간, 사골육수를 넣고 간이 고르게 배도록 끓여주세요.
6. 재료가 충분히 익으면 만두버섯전골을 완성해주세요."
닭백숙,[백숙재료] 하림토종닭백숙| 파1대| 양파1개| 통마늘5~6알 [닭죽재료] 찹쌀| 양파| 당근| 부추| 닭 가슴살 약간,"1. 하림토종닭백숙, 닭 가슴살 약간을 깍둑썰기 해주세요.
[TERM:깍둑썰기]
2. 파, 양파를 어슷썰기 해주세요.
[TERM:어슷썰기]
3. 통마늘을 다지기 해주세요.
[TERM:다지기]
4. 당근을 채썰기 해주세요.
[TERM:채썰기]
5. 찹쌀, 부추를 넣어주세요.
6. 손질한 하림토종닭백숙, 닭 가슴살 약간, 파, 양파, 통마늘, 당근을 넣고 함께 익혀주세요.
7. 재료가 충분히 익으면 닭백숙을 완성해주세요."
부타동,[재료] 대패삼겹살 200g| 양파 1/2개| 달걀 노른자 1개| 설탕 1큰술 [양념장] 간장 1.5큰술| 맛술 1큰술| 설탕 1큰술| 다진마늘 1작은술,"1. 대패삼겹살을 깍둑썰기 해주세요.
[TERM:깍둑썰기]
2. 양파를 어슷썰기 해주세요.
[TERM:어슷썰기]
3. 달걀 노른자는 그릇에 풀어주세요.
4. 손질한 대패삼겹살, 양파를 넣고 함께 익혀주세요.
5. 간장, 맛술, 설탕, 다진마늘을 넣고 간이 고르게 배도록 끓여주세요.
6. 풀어둔 달걀 노른자를 둘러가며 넣어 익혀주세요.
7. 재료가 충분히 익으면 부타동을 완성해주세요."
새우튀김,[재료] 왕새우 12마리| 튀김가루 1/4컵| 계란 1개| 빵가루 1컵| 식용유| 파슬리가루 약간 [양념] 소금 약간| 후추 약간,"1. 왕새우를 먹기 좋은 크기로 손질해주세요.
2. 파슬리가루 약간을 어슷썰기 해주세요.
[TERM:어슷썰기]
3. 계란은 그릇에 풀어주세요.
4. 튀김가루, 빵가루를 넣어주세요.
5. 손질한 왕새우, 파슬리가루 약간을 넣고 함께 익혀주세요.
6. 소금 약간, 후추 약간, 식용유를 넣고 간이 고르게 배도록 끓여주세요.
7. 풀어둔 계란을 둘러가며 넣어 익혀주세요.
8. 재료가 충분히 익으면 새우튀김을 완성해주세요."
잔치국수,[필수 재료] 소면 1줌(100g)| 애호박 1/6개| 당근 1/6개| 양파 1/4개| 달걀 1개 [육수 재료] 멸치 1줌(15마리)| 물 6C| 다시마 (10cm X 10cm) 1장| 무 300g| 양파 1/2개 [양념장 재료] 간장 3T| 고춧가루 1T| 고추 1개| 물 2T| 다진 마늘 1/4T| 설탕 1T| 맛술 1T| 부순 참깨 1T| 참기름 약간,"1. 애호박을 반달썰기 해주세요.
[TERM:반달썰기]
2. 당근을 채썰기 해주세요.
[TERM:채썰기]
3. 양파를 어슷썰기 해주세요.
[TERM:어슷썰기]
4. 달걀은 그릇에 풀어주세요.
5. 멸치, 물, 다시마, 무, 양파를 냄비에 넣고 끓여 국물을 준비해주세요.
6. 소면을 넣어주세요.
7. 손질한 애호박, 당근, 양파를 넣고 함께 익혀주세요.
8. 간장, 고춧가루, 고추, 물, 다진 마늘, 설탕, 맛술, 부순 참깨, 참기름 약간을 넣고 간이 고르게 배도록 끓여주세요.
9. 풀어둔 달걀을 둘러가며 넣어 익혀주세요.
10. 재료가 충분히 익으면 잔치국수를 완성해주세요."
열무비빔국수,[재료] 열무김치| 소면 1인분(500원동전)| 오이 1/2개| 계란 2개 [양념재료] 설탕 1스푼| 고추가루 2스푼| 식초 3스푼| 참기름 1스푼| 매실액 2스푼| 올리고당 2스푼| 다진마늘 1스푼| 열무김치국물 3스푼| 고추장 4스푼| 통깨 적당량,"1. 열무김치를 나박썰기 해주세요.
[TERM:나박썰기]
2. 오이를 어슷썰기 해주세요.
[TERM:어슷썰기]
3. 계란은 그릇에 풀어주세요.
4. 소면을 넣어주세요.
5. 손질한 열무김치, 오이를 넣고 함께 익혀주세요.
6. 설탕, 고추가루, 식초, 참기름, 매실액, 올리고당, 다진마늘, 열무김치국물, 고추장, 통깨 적당량을 넣고 간이 고르게 배도록 끓여주세요.
7. 풀어둔 계란을 둘러가며 넣어 익혀주세요.
8. 재료가 충분히 익으면 열무비빔국수를 완성해주세요."
고추장멸치볶음,[재료] 잔멸치 2줌 [양념] 포도씨유 2T| 고추장 1T| 맛술 2T| 올리고당 5T| 설탕 1T| 통깨 1T| 참기름 1T,"1. 팬에 기름을 두르고 잔멸치를 먼저 볶아주세요.
2. 포도씨유, 고추장, 맛술, 올리고당, 설탕, 통깨, 참기름을 넣고 재료 전체에 고르게 배도록 볶아주세요.
3. 재료가 충분히 볶아지면 고추장멸치볶음을 완성해주세요."
콩국수,[재료] 대두 콩 2컵| 오이 1개| 토마토 2개| 소면 5줌| 물 1600ml| 각얼음 10개쯤 [양념] 굵은소금 1수저| 깨소금 약간| 굵은소금 1큰술,"1. 오이를 어슷썰기 해주세요.
[TERM:어슷썰기]
2. 대두 콩, 토마토, 소면, 각얼음을 넣어주세요.
3. 손질한 오이를 넣고 함께 익혀주세요.
4. 굵은소금, 깨소금 약간을 넣고 간이 고르게 배도록 끓여주세요.
5. 재료가 충분히 익으면 콩국수를 완성해주세요."
고등어김치찜,[재료] 김치 1/4포기| 고등어 1/2마리(또는 통조림한캔)| 대파 1대| 청양고추 2개| 홍고추 1개| 무 1/4개| 양파 1/2개| 물 [양념재료] 고추가루 1스푼| 간장 2스푼| 마늘 1스푼| 설탕 1스푼| 된장 1스푼| 고추장 1스푼,"1. 김치를 채썰기 해주세요.
[TERM:채썰기]
2. 대파, 청양고추, 홍고추, 양파를 어슷썰기 해주세요.
[TERM:어슷썰기]
3. 무를 나박썰기 해주세요.
[TERM:나박썰기]
4. 고등어를 넣어주세요.
5. 손질한 김치, 대파, 청양고추, 홍고추, 양파, 무를 넣고 함께 익혀주세요.
6. 고추가루, 간장, 마늘, 설탕, 된장, 고추장을 넣고 간이 고르게 배도록 끓여주세요.
7. 재료가 충분히 익으면 고등어김치찜을 완성해주세요."
꽈리고추볶음,[재료] 꽈리고추 2뭉큼| 식용류 1T| 들기름 약간| 통깨 약간 [양념] 다진마늘 1/3T| 매실원액 1T| 진간장 3T| 설탕 1/3T,"1. 꽈리고추를 어슷썰기 해주세요.
[TERM:어슷썰기]
2. 손질한 꽈리고추를 넣고 함께 볶아주세요.
3. 다진마늘, 매실원액, 진간장, 설탕, 식용류, 들기름 약간, 통깨 약간을 넣고 재료 전체에 고르게 배도록 볶아주세요.
4. 재료가 충분히 볶아지면 꽈리고추볶음을 완성해주세요."
진미오징어채볶음,[재료] 진미채 200g| 마요네즈 2큰술| 다진마늘 1작은술| 식용류 2큰술| 참깨 약간 [양념] 간장 2큰술| 맛술 1큰술| 설탕 1작은술| 올리고당 2큰술| 참기름 1큰술| 물 3큰술,"1. 팬에 기름을 두르고 다진마늘, 진미채를 먼저 볶아주세요.
2. 간장, 맛술, 설탕, 올리고당, 참기름, 물, 마요네즈, 식용류, 참깨 약간을 넣고 재료 전체에 고르게 배도록 볶아주세요.
3. 재료가 충분히 볶아지면 진미오징어채볶음을 완성해주세요."
양송이버섯덮밥,[재료] 양송이 버섯 10줌| 잔파 6대| 다진마늘 2큰술| 물 400ml| 간장 2큰술| 굴소스 1큰술| 설탕 1/3큰술| 후춧가루 약간| 참기름 1큰술| 소금 약간| 통깨 약간 [녹말물] 전분 2큰술| 물 2큰술,"1. 양송이 버섯을 편썰기 해주세요.
[TERM:편썰기]
2. 잔파를 어슷썰기 해주세요.
[TERM:어슷썰기]
3. 다진마늘을 넣어주세요.
4. 손질한 양송이 버섯, 잔파를 넣고 함께 익혀주세요.
5. 간장, 굴소스, 설탕, 후춧가루 약간, 참기름, 소금 약간, 통깨 약간, 전분을 넣고 간이 고르게 배도록 끓여주세요.
6. 재료가 충분히 익으면 양송이버섯덮밥을 완성해주세요."
진미채고추장볶음,[재료] 진미채 크게 2주먹| 마요네즈 2스푼 [양념재료] 고추장 2스푼| 미림 5스푼| 다진마늘 1/2스푼| 올리고당 2스푼| 고춧가루 1스푼| 설탕 1스푼| 간장 1/2스푼,"1. 팬에 기름을 두르고 진미채 크게를 먼저 볶아주세요.
2. 고추장, 미림, 다진마늘, 올리고당, 고춧가루, 설탕, 간장, 마요네즈를 넣고 재료 전체에 고르게 배도록 볶아주세요.
3. 재료가 충분히 볶아지면 진미채고추장볶음을 완성해주세요."
소불고기버섯전골,[재료] 쇠고기 불고깃감 200g| 당면 70g| 새송이버섯 2개| 표고버섯 4개| 느타리버섯 150g| 양파 1/2개| 청경채 2개| 대파 2대| 붉은고추 2개 [육수] 물 6컵| 다시마 5*5cm 2장| 멸치 20마리| 국간장 2Ts| 비정제 황설탕 2/3ts| 소금 2꼬집| 후춧가루 약간 [양념장] 간장 2Ts| 비정제 황설탕 2/3Ts| 다진파 1+1/2Ts| 다진마늘 1Ts| 참기름 2ts| 후춧가루 약간,"1. 새송이버섯, 표고버섯, 느타리버섯을 편썰기 해주세요.
[TERM:편썰기]
2. 양파, 대파, 붉은고추를 어슷썰기 해주세요.
[TERM:어슷썰기]
3. 당면은 물에 불려 부드럽게 준비해주세요.
4. 물, 다시마, 멸치, 국간장, 비정제 황설탕, 소금, 후춧가루 약간을 냄비에 넣고 끓여 국물을 준비해주세요.
5. 쇠고기 불고깃감, 청경채를 넣어주세요.
6. 손질한 새송이버섯, 표고버섯, 느타리버섯, 양파, 대파, 붉은고추를 넣고 함께 익혀주세요.
7. 간장, 비정제 황설탕, 다진파, 다진마늘, 참기름, 후춧가루 약간을 넣고 간이 고르게 배도록 끓여주세요.
8. 재료가 충분히 익으면 소불고기버섯전골을 완성해주세요."
마약계란,[재료] 계란 10개| 소금 1작은 수저| 식초 1수저 [양념장] 간장 1컵| 물 1컵| 설탕 1/3컵| 쪽파 10뿌리| 청양고추 2개| 다진 마늘 1스푼| 깨 2큰 술,"1. 계란은 그릇에 풀어주세요.
2. 간장, 물, 설탕, 쪽파, 청양고추, 다진 마늘, 깨, 소금, 식초를 넣고 간이 고르게 배도록 끓여주세요.
3. 풀어둔 계란을 둘러가며 넣어 익혀주세요.
4. 재료가 충분히 익으면 마약계란을 완성해주세요."
두부쌈장,[재료] 애호박 1/3개| 양파 1/2개| 두부 1/2모 [양념] 된장 2큰술| 고추장 1큰술| 쌈장 1/2큰술| 들기름 1큰술,"1. 애호박을 반달썰기 해주세요.
[TERM:반달썰기]
2. 양파를 어슷썰기 해주세요.
[TERM:어슷썰기]
3. 두부를 넣어주세요.
4. 손질한 애호박, 양파를 넣고 함께 익혀주세요.
5. 된장, 고추장, 쌈장, 들기름을 넣고 간이 고르게 배도록 끓여주세요.
6. 재료가 충분히 익으면 두부쌈장을 완성해주세요."
돼지고기등갈비김치찜,[재료] 돼지등갈비 500g| 묵은김치 1/4포기| 양파 1/2개 [등갈비 삶는 물] 물 5컵| 된장 1큰술| 붉은 고추 1개| 마늘 4쪽| 생강 1/2톨| 대파 1뿌리 [찜국물 양념] 등갈비 삶은 물 3컵| 김칫국물 1/2컵| 고춧가루 2큰술| 청주 1큰술| 다진마늘 1큰술| 설탕 2작은술| 후춧가루 약간,"1. 돼지등갈비를 깍둑썰기 해주세요.
[TERM:깍둑썰기]
2. 묵은김치를 채썰기 해주세요.
[TERM:채썰기]
3. 양파, 붉은 고추, 대파를 어슷썰기 해주세요.
[TERM:어슷썰기]
4. 마늘을 다지기 해주세요.
[TERM:다지기]
5. 생강을 넣어주세요.
6. 손질한 돼지등갈비, 묵은김치, 양파, 붉은 고추, 대파, 마늘을 넣고 함께 익혀주세요.
7. 등갈비 삶은 물, 김칫국물, 고춧가루, 청주, 다진마늘, 설탕, 후춧가루 약간, 된장을 넣고 간이 고르게 배도록 끓여주세요.
8. 재료가 충분히 익으면 돼지고기등갈비김치찜을 완성해주세요."
요구르트깍두기,[재료] 무 3개| 소주 80g| 고추가루 120g| 대파 2대| 설탕 5큰술 [양념] 배 1/2개| 양파 1/2개| 새우젓 30g| 간마늘 60g| 간 생강 10g| 꽃소금 40g| 요구르트 3병,"1. 무를 나박썰기 해주세요.
[TERM:나박썰기]
2. 대파를 어슷썰기 해주세요.
[TERM:어슷썰기]
3. 손질한 무, 대파를 넣고 함께 익혀주세요.
4. 배, 양파, 새우젓, 간마늘, 간 생강, 꽃소금, 요구르트, 소주, 고추가루, 설탕을 넣고 간이 고르게 배도록 끓여주세요.
5. 재료가 충분히 익으면 요구르트깍두기를 완성해주세요."
오이미역냉국,[재료] 오이 1개| 미역 조금| 깨 [양념] 물 600ml| 소금 1| 설탕 4| 식초 6| 매실액 1,"1. 오이를 어슷썰기 해주세요.
[TERM:어슷썰기]
2. 미역 조금은 물에 불려 부드럽게 준비해주세요.
3. 손질한 오이를 넣고 함께 익혀주세요.
4. 물, 소금, 설탕, 식초, 매실액, 깨를 넣고 간이 고르게 배도록 끓여주세요.
5. 재료가 충분히 익으면 오이미역냉국을 완성해주세요."
배추김치,[재료] 배추(절임) 2.4kg| 쪽파 200g| 대파 3대| 굵은소금(절임) 200g| 무 1/2개(700g) [양념] 멸치액젓 5스푼| 새우젓 2스푼| 고추가루 15스푼| 설탕 2스푼| 다진마늘 3스푼| 매실액 4스푼,"1. 쪽파, 대파를 어슷썰기 해주세요.
[TERM:어슷썰기]
2. 무를 나박썰기 해주세요.
[TERM:나박썰기]
3. 배추를 넣어주세요.
4. 손질한 쪽파, 대파, 무를 넣고 함께 익혀주세요.
5. 멸치액젓, 새우젓, 고추가루, 설탕, 다진마늘, 매실액, 굵은소금을 넣고 간이 고르게 배도록 끓여주세요.
6. 재료가 충분히 익으면 배추김치를 완성해주세요."
비엔나소시지볶음,[재료] 소시지 1봉지| 양파 1/2개| 당근 1/3개| 청양고추 1개| 대파 1대| 통깨 1/2T [소스] 다진마늘 1/2T| 굴소스 1T| 고추장 1T| 설탕 1/2T| 올리고당 1T| 후추 1/2t| 물 1T,"1. 양파, 청양고추, 대파를 어슷썰기 해주세요.
[TERM:어슷썰기]
2. 당근을 채썰기 해주세요.
[TERM:채썰기]
3. 팬에 기름을 두르고 소시지를 먼저 볶아주세요.
4. 손질한 양파, 청양고추, 대파, 당근을 넣고 함께 볶아주세요.
5. 다진마늘, 굴소스, 고추장, 설탕, 올리고당, 후추, 물, 통깨를 넣고 재료 전체에 고르게 배도록 볶아주세요.
6. 재료가 충분히 볶아지면 비엔나소시지볶음을 완성해주세요."
차슈덮밥,[필수재료] 삼겹살 3줄(200g)| 후추 약간| 공기밥 2공기 [소스재료] 물 1C| 간장 5T| 설탕 2T| 맛술 3T| 양파 1/4개| 대파 10cm 2대| 통마늘 5개| 편생강 1개 [선택재료] 다진 쪽파 2T,"1. 삼겹살을 깍둑썰기 해주세요.
[TERM:깍둑썰기]
2. 다진 쪽파, 공기밥을 넣어주세요.
3. 손질한 삼겹살을 넣고 함께 익혀주세요.
4. 물, 간장, 설탕, 맛술, 양파, 대파, 통마늘, 편생강, 후추 약간을 넣고 간이 고르게 배도록 끓여주세요.
5. 재료가 충분히 익으면 차슈덮밥을 완성해주세요."
삼겹살덮밥,[재료] 삼겹살 300g| 양파 1개| 양배추 1/6통| 계란 2개 [양념] 간장 3T| 물엿 3T| 다진마늘 1T| 후추 조금| 소금 조금,"1. 삼겹살을 깍둑썰기 해주세요.
[TERM:깍둑썰기]
2. 양파를 어슷썰기 해주세요.
[TERM:어슷썰기]
3. 계란은 그릇에 풀어주세요.
4. 양배추를 넣어주세요.
5. 손질한 삼겹살, 양파를 넣고 함께 익혀주세요.
6. 간장, 물엿, 다진마늘, 후추 조금, 소금 조금을 넣고 간이 고르게 배도록 끓여주세요.
7. 풀어둔 계란을 둘러가며 넣어 익혀주세요.
8. 재료가 충분히 익으면 삼겹살덮밥을 완성해주세요."
고추된장박이,[재료] 풋고추 10개 [양념] 된장 2T| 다진 마늘 1/3T| 송송썰은 대파 1T| 참기름 1/2T| 통깨 1/2T| 매실원액 1T| 설탕 1/3T,"1. 풋고추를 어슷썰기 해주세요.
[TERM:어슷썰기]
2. 손질한 풋고추를 넣고 함께 익혀주세요.
3. 된장, 다진 마늘, 송송썰은 대파, 참기름, 통깨, 매실원액, 설탕을 넣고 간이 고르게 배도록 끓여주세요.
4. 재료가 충분히 익으면 고추된장박이를 완성해주세요."
우엉채조림,[재료] 우엉 3뿌리 [양념] 물 2컵| 진간장 1/3컵| 올리고당 2스푼| 설탕 1스푼| 다진마늘 1/2스푼| 올리고당 1스푼(마지막에 추가),"1. 물, 진간장, 올리고당, 설탕, 다진마늘을 섞어 양념장을 만들어주세요.
2. 냄비에 우엉을 넣고 양념장을 부어주세요.
3. 국물이 자작해질 때까지 졸여주세요.
[TERM:졸이다]
4. 국물이 충분히 졸아들면 우엉채조림을 완성해주세요."
두부계란국,[재료] ?멸치&다시마육수| 계란| 두부| 다진마늘 1/2스푼| 국간장 1스푼| 소금| 대파,"1. 대파를 어슷썰기 해주세요.
[TERM:어슷썰기]
2. 계란은 그릇에 풀어주세요.
3. 두부, 다진마늘을 넣어주세요.
4. 손질한 대파를 넣고 함께 익혀주세요.
5. ?멸치&다시마육수, 국간장, 소금을 넣고 간이 고르게 배도록 끓여주세요.
6. 풀어둔 계란을 둘러가며 넣어 익혀주세요.
7. 재료가 충분히 익으면 두부계란국을 완성해주세요."
샤브샤브,[재료] 쇠고기(샤브샤브용) 200g| 느타리버섯| 팽이버섯| 배추| 두부| 당근| 청경채| 브로콜리| 칼국수면 1줌 [죽 재료] 밥 2/3공기| 달걀 1개| 다진당근| 양파| 실파 or 대파 적당량 [국물] 물 6컵| 국물용 멸치 1줌(30g)| 국물용 새우 1/2줌| 다시마 사방 10*10cm 짜리 2장| 참치액 1큰술| 청주 1큰술| 소금 적당량 [쇠고기양념] 다진 마늘 0.5큰술| 후춧가루 적당량 [폰즈소스] 간장 2큰술| 식초 1큰술| 레몬즙 1큰술| 맛술 1큰술| 육수 2큰술| 설탕 0.5큰술| 다진 양파 적당량 [참깨소스] 참깨 1큰술| 땅콩버터 0.5큰술| 육수 2큰술| 간장 1큰술| 식초 1큰술| 맛술 0.5큰술| 설탕 0.3큰술| 연겨자 0.3큰술,"1. 느타리버섯, 팽이버섯을 편썰기 해주세요.
[TERM:편썰기]
2. 당근을 채썰기 해주세요.
[TERM:채썰기]
3. 양파, 실파 or 대파 적당량을 어슷썰기 해주세요.
[TERM:어슷썰기]
4. 다시마 사방은 물에 불려 부드럽게 준비해주세요.
5. 달걀은 그릇에 풀어주세요.
6. 두부, 다진당근, 쇠고기, 배추, 청경채, 브로콜리, 칼국수면, 밥, 참치액을 넣어주세요.
7. 손질한 느타리버섯, 팽이버섯, 당근, 양파, 실파 or 대파 적당량을 넣고 함께 익혀주세요.
8. 다진 마늘, 후춧가루 적당량, 간장, 식초, 레몬즙, 맛술, 육수, 설탕, 다진 양파 적당량, 참깨, 땅콩버터, 연겨자, 청주, 소금 적당량을 넣고 간이 고르게 배도록 끓여주세요.
9. 풀어둔 달걀을 둘러가며 넣어 익혀주세요.
10. 재료가 충분히 익으면 샤브샤브를 완성해주세요."
두루치기,[재료] 돼지고기앞다리| 양파| 당근| 파프리카| 대파 [양념] 설탕| 통깨| 고추장| 고춧가루| 마늘간것| 굴소스| 참기름| 맛술,"1. 돼지고기앞다리를 깍둑썰기 해주세요.
[TERM:깍둑썰기]
2. 양파, 파프리카, 대파를 어슷썰기 해주세요.
[TERM:어슷썰기]
3. 당근을 채썰기 해주세요.
[TERM:채썰기]
4. 손질한 돼지고기앞다리, 양파, 파프리카, 대파, 당근을 넣고 함께 익혀주세요.
5. 설탕, 통깨, 고추장, 고춧가루, 마늘간것, 굴소스, 참기름, 맛술을 넣고 간이 고르게 배도록 끓여주세요.
6. 재료가 충분히 익으면 두루치기를 완성해주세요."
낙지연포탕,[재료] 낙지 5마리| 무 1/4토막| 바지락 1봉| 미나리| 알배기배추 [양념] 다진마늘 1/2큰술| 소금,"1. 낙지를 먹기 좋은 크기로 손질해주세요.
2. 무를 나박썰기 해주세요.
[TERM:나박썰기]
3. 바지락, 미나리, 알배기배추를 넣어주세요.
4. 손질한 낙지, 무를 넣고 함께 익혀주세요.
5. 다진마늘, 소금을 넣고 간이 고르게 배도록 끓여주세요.
6. 재료가 충분히 익으면 낙지연포탕을 완성해주세요."
감자버터구이,[재료] 감자큰거 4-6개| 버터 2스푼| 설탕 약간| 소금 약간| 후추 약간,"1. 감자큰거를 깍둑썰기 해주세요.
[TERM:깍둑썰기]
2. 버터를 넣어주세요.
3. 손질한 감자큰거를 넣고 함께 익혀주세요.
4. 설탕 약간, 소금 약간, 후추 약간을 넣고 간이 고르게 배도록 끓여주세요.
5. 재료가 충분히 익으면 감자버터구이를 완성해주세요."
닭봉간장조림,[재료] 닭봉 20개| 우유 적당히| 대파 1/2대| 소주 1/2컵 [양념(밥숟가락 계량)] 간장 5숟가락 | 설탕 2숟가락 | 식초 2숟가락 | 청주 2숟가락 | 케첩 1숟가락 | 물엿 1숟가락 ,"1. 닭봉을 깍둑썰기 해주세요.
[TERM:깍둑썰기]
2. 대파를 어슷썰기 해주세요.
[TERM:어슷썰기]
3. 간장, 설탕, 식초, 청주, 케첩, 물엿, 소주를 섞어 양념장을 만들어주세요.
4. 냄비에 닭봉, 대파를 넣고 양념장을 부어주세요.
5. 국물이 자작해질 때까지 졸여주세요.
[TERM:졸이다]
6. 국물이 충분히 졸아들면 닭봉간장조림을 완성해주세요."
아삭이고추된장무침,[재료] 아삭이고추 10개 [양념재료] 된장 1스푼| 고추장 1스푼| 참기름 1스푼| 마늘 1/2스푼| 매실청 1스푼| 깨 1스푼,"1. 아삭이고추를 어슷썰기 해주세요.
[TERM:어슷썰기]
2. 손질한 아삭이고추를 끓는 물에 살짝 데쳐주세요.
[TERM:데치다]
3. 된장, 고추장, 참기름, 마늘, 매실청, 깨를 한데 섞어 양념을 만들어주세요.
4. 준비한 재료에 양념을 넣고 골고루 무쳐주세요.
5. 그릇에 담으면 아삭이고추된장무침이 완성됩니다."
간장닭볶음탕,[재료] 닭 한마리| 미림 1큰술| 당면| 양파| 대파| 감자| 당근 [양념] 간장 8큰술| 올리고당 3큰술| 설탕 2큰술| 다진마늘 1큰술| 물 3컵,"1. 닭 한마리, 감자를 깍둑썰기 해주세요.
[TERM:깍둑썰기]
2. 양파, 대파를 어슷썰기 해주세요.
[TERM:어슷썰기]
3. 당근을 채썰기 해주세요.
[TERM:채썰기]
4. 당면은 물에 불려 부드럽게 준비해주세요.
5. 팬에 기름을 두르고 닭 한마리를 먼저 볶아주세요.
6. 손질한 감자, 양파, 대파, 당근을 넣고 함께 볶아주세요.
7. 간장, 올리고당, 설탕, 다진마늘, 물, 미림을 넣고 재료 전체에 고르게 배도록 볶아주세요.
8. 재료가 충분히 볶아지면 간장닭볶음탕을 완성해주세요."
소떡소떡,[재료] 비엔나 소시지 12개| 떡볶이떡 12개| 나무꼬지 4개 [양념] 고추장 1T| 케찹 3T| 올리고당 3T| 간장 1/2T| 다진마늘 1/2T| 물 1T,"1. 나무꼬지를 나박썰기 해주세요.
[TERM:나박썰기]
2. 떡볶이떡, 비엔나 소시지를 넣어주세요.
3. 손질한 나무꼬지를 넣고 함께 익혀주세요.
4. 고추장, 케찹, 올리고당, 간장, 다진마늘, 물을 넣고 간이 고르게 배도록 끓여주세요.
5. 재료가 충분히 익으면 소떡소떡을 완성해주세요."
멸치볶음,[재료] 멸치| 다진파 1/2뿌리| 다진마늘 1큰술| 통깨| 견과류 [양념] 간장 1.5큰술| 올리고당 4큰술| 설탕 1큰술| 마요네즈 1큰술 듬뿍| (소주 or 맛술) 1큰술,"1. 팬에 기름을 두르고 다진파, 다진마늘, 멸치, 견과류를 먼저 볶아주세요.
2. 간장, 올리고당, 설탕, 마요네즈, 소주 or 맛술, 통깨를 넣고 재료 전체에 고르게 배도록 볶아주세요.
3. 재료가 충분히 볶아지면 멸치볶음을 완성해주세요."
간장진미채볶음,[재료] 진미채 1줌| 마요네즈 1T [양념] 간장 3T| 설탕 2T| 올리고당 1T| 다진마늘 1T| 참기름 1T| 통깨 1T,"1. 팬에 기름을 두르고 진미채를 먼저 볶아주세요.
2. 간장, 설탕, 올리고당, 다진마늘, 참기름, 통깨, 마요네즈를 넣고 재료 전체에 고르게 배도록 볶아주세요.
3. 재료가 충분히 볶아지면 간장진미채볶음을 완성해주세요."
꽈리고추찜,[재료] 꽈리고추 27~30개| 부침가루 2T [양념] 고춧가루 1T| 간장 2T| 매실액 1T| 올리고당 1T| 다진대파 1T| 다진마늘 1/2T| 참기름 1/2T,"1. 꽈리고추를 어슷썰기 해주세요.
[TERM:어슷썰기]
2. 부침가루를 넣어주세요.
3. 손질한 꽈리고추를 넣고 함께 익혀주세요.
4. 고춧가루, 간장, 매실액, 올리고당, 다진대파, 다진마늘, 참기름을 넣고 간이 고르게 배도록 끓여주세요.
5. 재료가 충분히 익으면 꽈리고추찜을 완성해주세요."
오리주물럭,[재료] 오리 1마리 | 부추 1줌| 양파 1개 [양념] 양파 1/2개| 고춧가루 5큰술| 고추장 3큰술| 간장 4큰술| 소금 1/2큰술| 물엿 3큰술| 설탕 2큰술| 다진마늘 1큰술| 후추 1티스푼| 생강가루 1티스푼,"1. 양파를 어슷썰기 해주세요.
[TERM:어슷썰기]
2. 오리, 부추를 넣어주세요.
3. 손질한 양파를 넣고 함께 익혀주세요.
4. 양파, 고춧가루, 고추장, 간장, 소금, 물엿, 설탕, 다진마늘, 후추, 생강가루를 넣고 간이 고르게 배도록 끓여주세요.
5. 재료가 충분히 익으면 오리주물럭을 완성해주세요."
매운닭볶음탕,[재료] 닭고기(800g) 1마리| 감자 1개| 당근 1/2개| 양파 1/2개| 대파 1대| 물 3컵 [양념] 고추장 4큰술| 고춧가루 2큰술| 간장 3큰술| 설탕 1큰술| 다진마늘 2큰술| 다진생강 1/2큰술| 청주 2큰술| 후춧가루 약간,"1. 닭고기, 감자를 깍둑썰기 해주세요.
[TERM:깍둑썰기]
2. 당근을 채썰기 해주세요.
[TERM:채썰기]
3. 양파, 대파를 어슷썰기 해주세요.
[TERM:어슷썰기]
4. 팬에 기름을 두르고 닭고기를 먼저 볶아주세요.
5. 손질한 감자, 당근, 양파, 대파를 넣고 함께 볶아주세요.
6. 고추장, 고춧가루, 간장, 설탕, 다진마늘, 다진생강, 청주, 후춧가루 약간을 넣고 재료 전체에 고르게 배도록 볶아주세요.
7. 재료가 충분히 볶아지면 매운닭볶음탕을 완성해주세요."
참치롤샌드위치,[재료] 식빵 6장| 참치캔 1/2통| 오이 1/2개| 햄 약간| 양파 약간 [참치양념] 마요네즈 1+1/2숟갈| 백후추 약간 [빵 소스] 마요네즈 1숟갈| 머스터드 소스 1/2숟갈,"1. 오이, 양파 약간을 어슷썰기 해주세요.
[TERM:어슷썰기]
2. 식빵, 참치캔, 햄 약간을 넣어주세요.
3. 손질한 오이, 양파 약간을 넣고 함께 익혀주세요.
4. 마요네즈, 백후추 약간, 머스터드 소스를 넣고 간이 고르게 배도록 끓여주세요.
5. 재료가 충분히 익으면 참치롤샌드위치를 완성해주세요."
만두,[재료] 돼지고기 간 거 500g| 당면 1줌| 부추 1줌| 두부 1모| 양파 1/2개| 대파 1개| 숙주나물 300g| 김치 1/3쪽 [고기양념] 설탕 1큰술| 간장 3큰술| 굴소스 1큰술| 청주 1큰술| 생강 약간| 후추 약간| 마늘 3알,"1. 돼지고기 간 거를 깍둑썰기 해주세요.
[TERM:깍둑썰기]
2. 양파, 대파를 어슷썰기 해주세요.
[TERM:어슷썰기]
3. 김치를 채썰기 해주세요.
[TERM:채썰기]
4. 당면은 물에 불려 부드럽게 준비해주세요.
5. 두부, 부추를 넣어주세요.
6. 손질한 돼지고기 간 거, 양파, 대파, 김치를 넣고 함께 익혀주세요.
7. 설탕, 간장, 굴소스, 청주, 생강 약간, 후추 약간, 마늘을 넣고 간이 고르게 배도록 끓여주세요.
8. 재료가 충분히 익으면 만두를 완성해주세요."
달걀찜,[재료] 달걀 6개| 멸치다시마육수(또는 물) 1+1/2컵| 다진파 3T [양념] 소금 1/2~2/3T| 참기름 2방울,"1. 달걀은 그릇에 풀어주세요.
2. 다진파를 넣어주세요.
3. 소금, 참기름, 멸치다시마육수를 넣고 간이 고르게 배도록 끓여주세요.
4. 풀어둔 달걀을 둘러가며 넣어 익혀주세요.
5. 재료가 충분히 익으면 달걀찜을 완성해주세요."
버섯볶음,[재료] 버섯(느타리버섯) 적당량| 냉장고속야채 [양념] 마늘 1스푼| 굴소스 1스푼| 참기름| 통깨| 소금| 포도씨유+참기름,"1. 버섯 적당량을 편썰기 해주세요.
[TERM:편썰기]
2. 팬에 기름을 두르고 냉장고속야채를 먼저 볶아주세요.
3. 손질한 버섯 적당량을 넣고 함께 볶아주세요.
4. 마늘, 굴소스, 참기름, 통깨, 소금, 포도씨유를 넣고 재료 전체에 고르게 배도록 볶아주세요.
5. 재료가 충분히 볶아지면 버섯볶음을 완성해주세요."
순두부계란탕,[재료] 게맛살 5줄| 순두부 2모| 계란 4개| 잔파(쪽파) 4줄기| 다시물(맹물도ok) 2컵(500ml)| 국간장 1T| 멸치액젓 1T,"1. 잔파를 어슷썰기 해주세요.
[TERM:어슷썰기]
2. 계란은 그릇에 풀어주세요.
3. 순두부, 게맛살을 넣어주세요.
4. 손질한 잔파를 넣고 함께 익혀주세요.
5. 국간장, 멸치액젓을 넣고 간이 고르게 배도록 끓여주세요.
6. 풀어둔 계란을 둘러가며 넣어 익혀주세요.
7. 재료가 충분히 익으면 순두부계란탕을 완성해주세요."
스팸돈부리,[재료] 스팸(小) 1캔| 양파 1개| 계란 2개| 대파 약간 [양념] 간장 4T| 설탕 2T| 물 2/3컵(종이컵),"1. 스팸을 깍둑썰기 해주세요.
[TERM:깍둑썰기]
2. 양파, 대파 약간을 어슷썰기 해주세요.
[TERM:어슷썰기]
3. 계란은 그릇에 풀어주세요.
4. 손질한 스팸, 양파, 대파 약간을 넣고 함께 익혀주세요.
5. 간장, 설탕, 물을 넣고 간이 고르게 배도록 끓여주세요.
6. 풀어둔 계란을 둘러가며 넣어 익혀주세요.
7. 재료가 충분히 익으면 스팸돈부리를 완성해주세요."
소고기떡국,[재료] 계란 4개| 소금 1/4작은술| 소고기 400g| 참기름 1큰술| 볶은 소고기 2큰술| 대파 1대| 떡국 떡 3 + 1/2컵| 김밥용 김 취향껏| 갈은깨 적당히 [양념] 국간장 4큰술| 후추 1/4작은술| 물 10컵| 사방 10센티 다시마 한장| 다시멸치 1줌멸치| 다시마 끓인 물 5 + 1/2컵| 국간장 2큰술| 후추 약간,"1. 소고기, 볶은 소고기를 깍둑썰기 해주세요.
[TERM:깍둑썰기]
2. 대파를 어슷썰기 해주세요.
[TERM:어슷썰기]
3. 계란은 그릇에 풀어주세요.
4. 떡국 떡, 김밥용 김 취향껏을 넣어주세요.
5. 손질한 소고기, 볶은 소고기, 대파를 넣고 함께 익혀주세요.
6. 국간장, 후추, 물, 사방, 다시멸치, 다시마 끓인 물, 후추 약간, 소금, 참기름, 갈은깨 적당히를 넣고 간이 고르게 배도록 끓여주세요.
7. 풀어둔 계란을 둘러가며 넣어 익혀주세요.
8. 재료가 충분히 익으면 소고기떡국을 완성해주세요."
에그치즈토스트,[재료] 식빵 2조각| 계란 3개| 체다슬라이스치즈 4개| 과일잼(또는 설탕)| 소금| 버터(또는 식용유),"1. 계란은 그릇에 풀어주세요.
2. 식빵, 체다슬라이스치즈, 과일잼, 버터를 넣어주세요.
3. 소금을 넣고 간이 고르게 배도록 끓여주세요.
4. 풀어둔 계란을 둘러가며 넣어 익혀주세요.
5. 재료가 충분히 익으면 에그치즈토스트를 완성해주세요."
마늘불고기,[재료] 불고기용 고기 300g| 진간장 3T| 설탕 3T| 다진마늘 3T| 후추 약간| 참기름 약간,"1. 다진마늘, 불고기용 고기를 넣어주세요.
2. 진간장, 설탕, 후추 약간, 참기름 약간을 넣고 간이 고르게 배도록 끓여주세요.
3. 재료가 충분히 익으면 마늘불고기를 완성해주세요."
스팸짜글이,[필수재료] 스팸 200g| 양파 1/4개| 감자 1/4개| 두부 1/4모| 애호박 1/4개| 대파 1/4대| 물 2종이컵 [양념재료] 고추장 2숟가락| 고춧가루 1숟가락| 국간장 1숟가락| 다진마늘 1숟가락| 후춧가루 1/2숟가락,"1. 스팸, 감자를 깍둑썰기 해주세요.
[TERM:깍둑썰기]
2. 양파, 대파를 어슷썰기 해주세요.
[TERM:어슷썰기]
3. 애호박을 반달썰기 해주세요.
[TERM:반달썰기]
4. 두부를 넣어주세요.
5. 손질한 스팸, 감자, 양파, 대파, 애호박을 넣고 함께 익혀주세요.
6. 고추장, 고춧가루, 국간장, 다진마늘, 후춧가루를 넣고 간이 고르게 배도록 끓여주세요.
7. 재료가 충분히 익으면 스팸짜글이를 완성해주세요."
떡꼬치,[재료] 떡| 깨| 오일 [양념] 설탕 1 큰술| 고춧가루 0.5큰술| 고추장 0.5큰술| 물 0.5큰술| 간장 0.5큰술| 마늘 0.5큰술| 올리고당 2.5큰술| 케첩 1큰술,"1. 떡, 오일을 넣어주세요.
2. 설탕, 고춧가루, 고추장, 물, 간장, 마늘, 올리고당, 케첩, 깨를 넣고 간이 고르게 배도록 끓여주세요.
3. 재료가 충분히 익으면 떡꼬치를 완성해주세요."
돼지고기목살스테이크,[재료] 돼지고기 목살 150g| 통마늘 6-10개| 계란 1알 [돼지고기 밑간] 소금 약간| 후추 약간씩| 밀가루 1숟가락 [소스] 버터 5cm(대략)| 케찹 2숟가락| 설탕 1숟가락| 간장 1숟가락| 식초 1숟가락| 물 40cc,"1. 돼지고기 목살을 깍둑썰기 해주세요.
[TERM:깍둑썰기]
2. 통마늘을 다지기 해주세요.
[TERM:다지기]
3. 계란은 그릇에 풀어주세요.
4. 소금 약간, 후추 약간씩, 밀가루를 섞어 밑간을 만들고, 주재료에 미리 배어들게 재워주세요.
5. 손질한 돼지고기 목살, 통마늘을 넣고 함께 익혀주세요.
6. 버터, 케찹, 설탕, 간장, 식초, 물을 넣고 간이 고르게 배도록 끓여주세요.
7. 풀어둔 계란을 둘러가며 넣어 익혀주세요.
8. 재료가 충분히 익으면 돼지고기목살스테이크를 완성해주세요."
연어스테이크,[재료] 연어| 부추 1줌| 양파 1/2개| 후추| 허브솔트| 올리브오일,"1. 양파를 어슷썰기 해주세요.
[TERM:어슷썰기]
2. 연어, 부추, 허브솔트, 올리브오일을 넣어주세요.
3. 손질한 양파를 넣고 함께 익혀주세요.
4. 후추를 넣고 간이 고르게 배도록 끓여주세요.
5. 재료가 충분히 익으면 연어스테이크를 완성해주세요."
오징어간장조림,[재료] 작은오징어 1마리| 청양고추나꽈리고추 1개 [양념] 간장 3T| 맛술 0.5T| 다진마늘 1t티스푼| 생강가루 1번톡톡| 설탕 0.5T| 올리고당 1T| 참기름 1t티스푼| 통깨 톡톡| 물 6T| 후추 톡톡,"1. 작은오징어를 먹기 좋은 크기로 손질해주세요.
2. 청양고추나꽈리고추를 어슷썰기 해주세요.
[TERM:어슷썰기]
3. 간장, 맛술, 다진마늘, 생강가루, 설탕, 올리고당, 참기름, 통깨 톡톡, 물, 후추 톡톡을 섞어 양념장을 만들어주세요.
4. 냄비에 작은오징어, 청양고추나꽈리고추를 넣고 양념장을 부어주세요.
5. 국물이 자작해질 때까지 졸여주세요.
[TERM:졸이다]
6. 국물이 충분히 졸아들면 오징어간장조림을 완성해주세요."
가지나물무침,[재료] 가지 2개 [양념] 진간장 2T| 다진마늘 1/3T| 참기름 1/2T| 고춧가루 1/2T| 통깨 1/2T| 송송썰은 파 1T,"1. 손질한 가지를 끓는 물에 살짝 데쳐주세요.
[TERM:데치다]
2. 진간장, 다진마늘, 참기름, 고춧가루, 통깨, 송송썰은 파를 한데 섞어 양념을 만들어주세요.
3. 준비한 재료에 양념을 넣고 골고루 무쳐주세요.
4. 그릇에 담으면 가지나물무침이 완성됩니다."
굴전,[재료] 굴(2인기준) 14개| 천일염 1스푼| 부침가루 듬뿍 1스푼| 계란 2개| 당근 다진것 조금| 파 다진것 조금| 청주 1스푼,"1. 당근 다진것 조금을 채썰기 해주세요.
[TERM:채썰기]
2. 파 다진것 조금을 어슷썰기 해주세요.
[TERM:어슷썰기]
3. 계란은 그릇에 풀어주세요.
4. 굴, 천일염, 부침가루 듬뿍을 넣어주세요.
5. 손질한 당근 다진것 조금, 파 다진것 조금을 넣고 함께 익혀주세요.
6. 청주를 넣고 간이 고르게 배도록 끓여주세요.
7. 풀어둔 계란을 둘러가며 넣어 익혀주세요.
8. 재료가 충분히 익으면 굴전을 완성해주세요."
참치김밥,[재료] 쌀 2맥주컵| 햄(김밥용)| 단무지| 맛살| 깻잎 12장| 오이 1개| 당근 1/2개| 참치캔| 계란 2개| 양파 1/4개 [양념] 참기름| 소금| 기름| 깨,"1. 단무지를 나박썰기 해주세요.
[TERM:나박썰기]
2. 오이, 양파를 어슷썰기 해주세요.
[TERM:어슷썰기]
3. 당근을 채썰기 해주세요.
[TERM:채썰기]
4. 계란은 그릇에 풀어주세요.
5. 쌀, 햄, 맛살, 깻잎, 참치캔을 넣어주세요.
6. 손질한 단무지, 오이, 양파, 당근을 넣고 함께 익혀주세요.
7. 참기름, 소금, 기름, 깨를 넣고 간이 고르게 배도록 끓여주세요.
8. 풀어둔 계란을 둘러가며 넣어 익혀주세요.
9. 재료가 충분히 익으면 참치김밥을 완성해주세요."
애호박계란국,[재료] 애호박 1/2개| 달걀 2개| 간장 1/2T| 소금 1/2t| 파 약간| 후추 약간 [밑국물] 다시마 5cm x 5cm 1장| 멸치 10마리,"1. 애호박을 반달썰기 해주세요.
[TERM:반달썰기]
2. 파 약간을 어슷썰기 해주세요.
[TERM:어슷썰기]
3. 다시마는 물에 불려 부드럽게 준비해주세요.
4. 달걀은 그릇에 풀어주세요.
5. 멸치를 넣어주세요.
6. 손질한 애호박, 파 약간을 넣고 함께 익혀주세요.
7. 간장, 소금, 후추 약간을 넣고 간이 고르게 배도록 끓여주세요.
8. 풀어둔 달걀을 둘러가며 넣어 익혀주세요.
9. 재료가 충분히 익으면 애호박계란국을 완성해주세요."
돈가스덮밥,[재료(1인분)] 돈가스 1장| 양파 1/2개| 계란 2개| 쪽파 or 대파 1스푼| 밥 1공기 [덮밥양념] 간장 2.5T| 맛술 2.5T| 설탕 1.5T| 물 10T,"1. 양파, 쪽파 or 대파를 어슷썰기 해주세요.
[TERM:어슷썰기]
2. 계란은 그릇에 풀어주세요.
3. 돈가스, 밥을 넣어주세요.
4. 손질한 양파, 쪽파 or 대파를 넣고 함께 익혀주세요.
5. 간장, 맛술, 설탕, 물을 넣고 간이 고르게 배도록 끓여주세요.
6. 풀어둔 계란을 둘러가며 넣어 익혀주세요.
7. 재료가 충분히 익으면 돈가스덮밥을 완성해주세요."
오이피클,[재료] 오이 5개| 양파 2개 [양념] 식초 2컵| 설탕 2컵| 소금 1T| 피클링스파이스 0.5T| 생수 5컵,"1. 오이, 양파를 어슷썰기 해주세요.
[TERM:어슷썰기]
2. 손질한 오이, 양파를 넣고 함께 익혀주세요.
3. 식초, 설탕, 소금, 피클링스파이스, 생수를 넣고 간이 고르게 배도록 끓여주세요.
4. 재료가 충분히 익으면 오이피클을 완성해주세요."
갈릭마요새우,[재료] 냉동새우 1줌 [양념] 마요네즈 4큰술| 다진마늘 1큰술| 설탕 1큰술 [새우 밑간] 후추 약간| 소금 약간,"1. 냉동새우를 먹기 좋은 크기로 손질해주세요.
2. 후추 약간, 소금 약간을 섞어 밑간을 만들고, 주재료에 미리 배어들게 재워주세요.
3. 손질한 냉동새우를 넣고 함께 익혀주세요.
4. 마요네즈, 다진마늘, 설탕을 넣고 간이 고르게 배도록 끓여주세요.
5. 재료가 충분히 익으면 갈릭마요새우를 완성해주세요."
알리오올리오,[필수재료] 스파게티면 1줌(100g)| 소금 1/4T| 올리브유 1T| 마늘 5톨| 페페론치노 4개| 올리브유 2T| 소금 약간| 후추 약간| 파슬리가루 약간| 파마산치즈 가루 약간| 면수 5T,"1. 스파게티면, 파슬리가루 약간, 파마산치즈 가루 약간을 어슷썰기 해주세요.
[TERM:어슷썰기]
2. 마늘을 다지기 해주세요.
[TERM:다지기]
3. 올리브유, 페페론치노, 면수를 넣어주세요.
4. 손질한 스파게티면, 파슬리가루 약간, 파마산치즈 가루 약간, 마늘을 넣고 함께 익혀주세요.
5. 소금, 소금 약간, 후추 약간을 넣고 간이 고르게 배도록 끓여주세요.
6. 재료가 충분히 익으면 알리오올리오를 완성해주세요."
비빔밥,[재료] 돼지고기 100g| 애호박 1/5개| 양파 1/2개| 당근 1/3개 [양념] 고추장 2T| 간장 2T| 설탕 1.5T| 깨소금 1t| 참기름 1t| 식초 1T,"1. 돼지고기를 깍둑썰기 해주세요.
[TERM:깍둑썰기]
2. 애호박을 반달썰기 해주세요.
[TERM:반달썰기]
3. 양파를 어슷썰기 해주세요.
[TERM:어슷썰기]
4. 당근을 채썰기 해주세요.
[TERM:채썰기]
5. 손질한 돼지고기, 애호박, 양파, 당근을 넣고 함께 익혀주세요.
6. 고추장, 간장, 설탕, 깨소금, 참기름, 식초를 넣고 간이 고르게 배도록 끓여주세요.
7. 재료가 충분히 익으면 비빔밥을 완성해주세요."
콩나물잡채,[재료] 당면 2줌| 콩나물 1줌| 양파 1/2개| 당근 1/6개| 대파 1/2대| 물 1+1/2컵| 참기름 약간| 통깨 약간 [양념장] 고추장 1스푼| 고춧가루 1.5스푼| 간장 3스푼| 설탕 1스푼| 다진 마늘 0.5스푼| 올리고 당 1.5스푼| 식용유 2스푼,"1. 양파, 대파를 어슷썰기 해주세요.
[TERM:어슷썰기]
2. 당근을 채썰기 해주세요.
[TERM:채썰기]
3. 당면은 물에 불려 부드럽게 준비해주세요.
4. 손질한 양파, 대파, 당근을 넣고 함께 익혀주세요.
5. 고추장, 고춧가루, 간장, 설탕, 다진 마늘, 올리고 당, 식용유, 참기름 약간, 통깨 약간을 넣고 간이 고르게 배도록 끓여주세요.
6. 재료가 충분히 익으면 콩나물잡채를 완성해주세요."
베이컨말이주먹밥,[재료] 베이컨| 호박| 당근| 밥 [양념] 굴소스 1TS,"1. 베이컨을 깍둑썰기 해주세요.
[TERM:깍둑썰기]
2. 호박을 반달썰기 해주세요.
[TERM:반달썰기]
3. 당근을 채썰기 해주세요.
[TERM:채썰기]
4. 밥을 넣어주세요.
5. 손질한 베이컨, 호박, 당근을 넣고 함께 익혀주세요.
6. 굴소스를 넣고 간이 고르게 배도록 끓여주세요.
7. 재료가 충분히 익으면 베이컨말이주먹밥을 완성해주세요."
닭다리살데리야끼치킨,[재료] 닭다리살 2팩| 올리브유 1T| 청주 또는 소주 2T| 소금 약간| 후추 약간| 파슬리가루 약간| 피클 4-5개 [양념] 굴소스 1T| 미림 또는 소주 1T| 물엿 또는 올리고당 1T| 설탕 1T| 다진마늘 1T| 간장 1/2t| 물 1T| 후추 약간,"1. 닭다리살을 깍둑썰기 해주세요.
[TERM:깍둑썰기]
2. 파슬리가루 약간을 어슷썰기 해주세요.
[TERM:어슷썰기]
3. 올리브유, 피클을 넣어주세요.
4. 손질한 닭다리살, 파슬리가루 약간을 넣고 함께 익혀주세요.
5. 굴소스, 미림 또는 소주, 물엿 또는 올리고당, 설탕, 다진마늘, 간장, 물, 후추 약간, 청주 또는 소주, 소금 약간을 넣고 간이 고르게 배도록 끓여주세요.
6. 재료가 충분히 익으면 닭다리살데리야끼치킨을 완성해주세요."
배추물김치,[주재료] 배추 1통| 양파| 당근| 청고추| 홍고추 [양념재료] 굵은소금| 까나리액젓| 다진마늘 4스푼,"1. 양파, 청고추, 홍고추를 어슷썰기 해주세요.
[TERM:어슷썰기]
2. 당근을 채썰기 해주세요.
[TERM:채썰기]
3. 배추를 넣어주세요.
4. 손질한 양파, 청고추, 홍고추, 당근을 넣고 함께 익혀주세요.
5. 굵은소금, 까나리액젓, 다진마늘을 넣고 간이 고르게 배도록 끓여주세요.
6. 재료가 충분히 익으면 배추물김치를 완성해주세요."
돼지고기마늘조림,[재료] 돼지고기앞다리살 400g| 마늘 1줌| 청주 1T| 생강가루 1/2t| 허브소금 1/2T| 깨 약간 [양념] 간장 3T| 설탕 1T| 올리고당 2T| 다진마늘 1/2T| 굴소스 1T| 맛술 2T| 참기름 1T| 물 1/4컵,"1. 돼지고기앞다리살을 깍둑썰기 해주세요.
[TERM:깍둑썰기]
2. 마늘을 다지기 해주세요.
[TERM:다지기]
3. 간장, 설탕, 올리고당, 다진마늘, 굴소스, 맛술, 참기름, 물, 청주, 허브소금, 깨 약간을 섞어 양념장을 만들어주세요.
4. 냄비에 돼지고기앞다리살, 마늘, 생강가루를 넣고 양념장을 부어주세요.
5. 국물이 자작해질 때까지 졸여주세요.
[TERM:졸이다]
6. 국물이 충분히 졸아들면 돼지고기마늘조림을 완성해주세요."
고추장제육볶음,[재료] 목살 800g| 고추장 3큰술| 고춧가루 2큰술| 간장 3큰술| 설탕 2큰술| 맛술 1큰술| 양파 1개| 다진마늘 1큰술| 대파| 청양고추 3개| 홍고추 2개| 후추 톡톡| 참기름 1큰술,"1. 목살을 깍둑썰기 해주세요.
[TERM:깍둑썰기]
2. 양파, 대파, 청양고추, 홍고추를 어슷썰기 해주세요.
[TERM:어슷썰기]
3. 팬에 기름을 두르고 목살, 다진마늘을 먼저 볶아주세요.
4. 손질한 양파, 대파, 청양고추, 홍고추를 넣고 함께 볶아주세요.
5. 고추장, 고춧가루, 간장, 설탕, 맛술, 후추 톡톡, 참기름을 넣고 재료 전체에 고르게 배도록 볶아주세요.
6. 재료가 충분히 볶아지면 고추장제육볶음을 완성해주세요."
참치고추장찌개,[재료] 참치 150g 1캔| 양파 1개| 감자 2개(작은것기준)| 대파 1/2개| 청양고추 1개| 홍고추 1개| 두부 조금| 물 400ml [양념] 고추장 1큰술 1큰술| 설탕 0.5스푼| 다진마늘 1스푼| 국간장 1스푼| 맛술 1스푼,"1. 양파, 대파, 청양고추, 홍고추를 어슷썰기 해주세요.
[TERM:어슷썰기]
2. 감자를 깍둑썰기 해주세요.
[TERM:깍둑썰기]
3. 두부 조금, 참치를 넣어주세요.
4. 손질한 양파, 대파, 청양고추, 홍고추, 감자를 넣고 함께 익혀주세요.
5. 고추장, 설탕, 다진마늘, 국간장, 맛술을 넣고 간이 고르게 배도록 끓여주세요.
6. 재료가 충분히 익으면 참치고추장찌개를 완성해주세요."
노각무침,[재료] 노각 1개| 쪽파 3개| 굵은소금 1스푼 [양념재료] 고추가루 1스푼| 간마늘 1스푼| 깨 1스푼| 설탕 1스푼| 고추장 1스푼| 참기름 1스푼,"1. 쪽파를 어슷썰기 해주세요.
[TERM:어슷썰기]
2. 손질한 쪽파, 노각을 끓는 물에 살짝 데쳐주세요.
[TERM:데치다]
3. 고추가루, 간마늘, 깨, 설탕, 고추장, 참기름, 굵은소금을 한데 섞어 양념을 만들어주세요.
4. 준비한 재료에 양념을 넣고 골고루 무쳐주세요.
5. 그릇에 담으면 노각무침이 완성됩니다."
백김치,[백김치 재료] 배추 3포기| 소금 660g(3컵+6큰술)| 쪽파 80g| 배 1개| 당근 1개| 무 200g| 양파 1개| 홍고추 3개| 마늘 5큰술| 생강 1큰술| 마늘 5큰술| 뉴슈가 2.5작은술| 찹쌀풀 1/2컵| 물 4L,"1. 쪽파, 양파, 홍고추를 어슷썰기 해주세요.
[TERM:어슷썰기]
2. 당근을 채썰기 해주세요.
[TERM:채썰기]
3. 무를 나박썰기 해주세요.
[TERM:나박썰기]
4. 마늘을 다지기 해주세요.
[TERM:다지기]
5. 배추, 배, 생강, 뉴슈가, 찹쌀풀을 넣어주세요.
6. 손질한 쪽파, 양파, 홍고추, 당근, 무, 마늘을 넣고 함께 익혀주세요.
7. 소금을 넣고 간이 고르게 배도록 끓여주세요.
8. 재료가 충분히 익으면 백김치를 완성해주세요."
무나물볶음,[재료와 양념] 무 150g| 식용유 1스푼| 들기름 1스푼| 다진마늘 1/2스푼| 통깨 솔솔| 소금 1/2스푼,"1. 무, 식용유, 들기름, 다진마늘, 통깨 솔솔, 소금을 넣고 재료 전체에 고르게 배도록 볶아주세요.
2. 재료가 충분히 볶아지면 무나물볶음을 완성해주세요."
감자어묵국,[주재료] 감자 1개| 양파 1/2개| 어묵 100g| 대파 15cm| 멸치육수 7컵 [양념재료] 국간장 1큰술| 다진마늘 0.5큰술| 고춧가루 약간| 소금 약간| 후추 약간,"1. 감자를 깍둑썰기 해주세요.
[TERM:깍둑썰기]
2. 양파, 대파를 어슷썰기 해주세요.
[TERM:어슷썰기]
3. 어묵을 넣어주세요.
4. 손질한 감자, 양파, 대파를 넣고 함께 익혀주세요.
5. 국간장, 다진마늘, 고춧가루 약간, 소금 약간, 후추 약간, 멸치육수를 넣고 간이 고르게 배도록 끓여주세요.
6. 재료가 충분히 익으면 감자어묵국을 완성해주세요."
닭똥집볶음,[재료] 닭모래집 300g| 밀가루 1컵| 굵은소금 2줌| 우유 3첩| 마늘 5개| 다진마늘 1숟갈| 청양고추 3개| 양파 1/2개 [양념] 참기름 2숟갈| 소금 1/2작은술| 후추| 통깨,"1. 닭모래집을 깍둑썰기 해주세요.
[TERM:깍둑썰기]
2. 마늘을 다지기 해주세요.
[TERM:다지기]
3. 청양고추, 양파를 어슷썰기 해주세요.
[TERM:어슷썰기]
4. 팬에 기름을 두르고 닭모래집, 다진마늘을 먼저 볶아주세요.
5. 손질한 마늘, 청양고추, 양파를 넣고 함께 볶아주세요.
6. 참기름, 소금, 후추, 통깨, 밀가루, 굵은소금을 넣고 재료 전체에 고르게 배도록 볶아주세요.
7. 재료가 충분히 볶아지면 닭똥집볶음을 완성해주세요."
보쌈무김치,[재료] 무 1/2개| 돼지고기 목살 1+1/2근| 굴 2봉지| 통마늘 4개| 쪽파 3개 [무절이기] 소금 1큰술| 올리고당 1/2컵 [절임무 양념] 고춧가루 3큰술| 설탕 1큰술| 올리고당 1/2큰술| 다진마늘 1큰술| 액젓 1큰술| 매실액 1큰술| 참기름 1큰술| 통깨 약간 [수육삶기] 월계수잎 3~4장| 양파 1/2개| 대파 1대| 통후추 10알| 된장 1큰술| 통마늘 5개,"1. 무를 나박썰기 해주세요.
[TERM:나박썰기]
2. 돼지고기 목살을 깍둑썰기 해주세요.
[TERM:깍둑썰기]
3. 통마늘을 다지기 해주세요.
[TERM:다지기]
4. 쪽파, 양파, 대파를 어슷썰기 해주세요.
[TERM:어슷썰기]
5. 굴을 넣어주세요.
6. 손질한 무, 돼지고기 목살, 통마늘, 쪽파, 양파, 대파를 넣고 함께 익혀주세요.
7. 고춧가루, 설탕, 올리고당, 다진마늘, 액젓, 매실액, 참기름, 통깨 약간, 소금, 월계수잎, 통후추, 된장을 넣고 간이 고르게 배도록 끓여주세요.
8. 재료가 충분히 익으면 보쌈무김치를 완성해주세요."
깍뚜기,[재료] 무(중) 4개| 쪽파 1줌 [무절임 재료] 굵은천일염 1컵 [양념] 찹쌀풀 2컵| 고춧가루 1+1/2컵| 마늘 10개| 생강 1톨| 양파 1/2개| 새우젓 5큰술| 액젓 8큰술| 소금 1+1/2큰술,"1. 무를 나박썰기 해주세요.
[TERM:나박썰기]
2. 쪽파를 어슷썰기 해주세요.
[TERM:어슷썰기]
3. 굵은천일염을 넣어주세요.
4. 손질한 무, 쪽파를 넣고 함께 익혀주세요.
5. 찹쌀풀, 고춧가루, 마늘, 생강, 양파, 새우젓, 액젓, 소금을 넣고 간이 고르게 배도록 끓여주세요.
6. 재료가 충분히 익으면 깍뚜기를 완성해주세요."
계란찜,[재료] 계란 5알| 쪽파 1주먹 [양념] 맛소금 0.8T(베.라)/1숟갈못되게| 설탕 0.7T(베.라)/1숟갈못되게,"1. 쪽파를 어슷썰기 해주세요.
[TERM:어슷썰기]
2. 계란은 그릇에 풀어주세요.
3. 손질한 쪽파를 넣고 함께 익혀주세요.
4. 맛소금, 설탕을 넣고 간이 고르게 배도록 끓여주세요.
5. 풀어둔 계란을 둘러가며 넣어 익혀주세요.
6. 재료가 충분히 익으면 계란찜을 완성해주세요."
애호박볶음,[재료] 애호박 1개| 대파 1대| 홍고추 1개| 들기름 2스푼| 다진마늘 1/3스푼| 소금 1/3스푼,"1. 애호박을 반달썰기 해주세요.
[TERM:반달썰기]
2. 대파, 홍고추를 어슷썰기 해주세요.
[TERM:어슷썰기]
3. 팬에 기름을 두르고 다진마늘을 먼저 볶아주세요.
4. 손질한 애호박, 대파, 홍고추를 넣고 함께 볶아주세요.
5. 들기름, 소금을 넣고 재료 전체에 고르게 배도록 볶아주세요.
6. 재료가 충분히 볶아지면 애호박볶음을 완성해주세요."
우렁쌈장,[재료] 우렁이 1그릇| 양파 1/2개| 호박 1/3개| 표고버섯 3개| 두부 1/2모| 청양고추 3개| 대파 1개 [양념] 된장 4T| 고추가루 2T| 물 1공기| 참기름 2T,"1. 양파, 청양고추, 대파를 어슷썰기 해주세요.
[TERM:어슷썰기]
2. 호박을 반달썰기 해주세요.
[TERM:반달썰기]
3. 표고버섯을 편썰기 해주세요.
[TERM:편썰기]
4. 두부, 우렁이를 넣어주세요.
5. 손질한 양파, 청양고추, 대파, 호박, 표고버섯을 넣고 함께 익혀주세요.
6. 된장, 고추가루, 물, 참기름을 넣고 간이 고르게 배도록 끓여주세요.
7. 재료가 충분히 익으면 우렁쌈장을 완성해주세요."
비빔국수양념장,[재료] 고추장 크게 3숟가락| 고춧가루 2숟가락| 양조간장 2숟가락| 다진마늘 1숟가락| 올리고당(설탕) 2숟가락| 참기름 2숟가락| 참깨 2숟가락,"1. 다진마늘을 넣어주세요.
2. 고추장 크게, 고춧가루, 양조간장, 올리고당, 참기름, 참깨를 넣고 간이 고르게 배도록 끓여주세요.
3. 재료가 충분히 익으면 비빔국수양념장을 완성해주세요."
몬테크리스토샌드위치,[재료] 식빵 6장| 치즈 4장| 슬라이스햄 4장| 계란 1개| 빵가루| 파슬리가루 약간 [양념] 딸기잼| 머스타드소스| 슈가파우더 소량,"1. 파슬리가루 약간을 어슷썰기 해주세요.
[TERM:어슷썰기]
2. 계란은 그릇에 풀어주세요.
3. 슬라이스햄, 식빵, 치즈, 빵가루를 넣어주세요.
4. 손질한 파슬리가루 약간을 넣고 함께 익혀주세요.
5. 딸기잼, 머스타드소스, 슈가파우더 소량을 넣고 간이 고르게 배도록 끓여주세요.
6. 풀어둔 계란을 둘러가며 넣어 익혀주세요.
7. 재료가 충분히 익으면 몬테크리스토샌드위치를 완성해주세요."
장칼국수,[필수 재료] 칼국수 면 1줌(150g)| 물 3C| 감자 1/2개| 양파 1/4개| 애호박 1/4개| 대파 1/4대| 청양고추 1개 [양념 재료] 고추장 1T| 된장 1T| 다진 마늘 1/2T| 고춧가루 1T| 국간장 1T,"1. 감자를 깍둑썰기 해주세요.
[TERM:깍둑썰기]
2. 양파, 대파, 청양고추를 어슷썰기 해주세요.
[TERM:어슷썰기]
3. 애호박을 반달썰기 해주세요.
[TERM:반달썰기]
4. 칼국수 면을 넣어주세요.
5. 손질한 감자, 양파, 대파, 청양고추, 애호박을 넣고 함께 익혀주세요.
6. 고추장, 된장, 다진 마늘, 고춧가루, 국간장을 넣고 간이 고르게 배도록 끓여주세요.
7. 재료가 충분히 익으면 장칼국수를 완성해주세요."
깻잎부추전,[재료] 부추 1/2묶음| 깻잎 20장| 양파 1/2개| 청양고추 4~5개| 부침가루 2종이컵| 계란 2개| 물 2/3종이컵 [양념] 간장 3큰술| 물 3큰술| 식초 1큰술| 고춧가루 1/4큰술| 설탕 1/4티스푼| 참기름 약간| 깨소금 약간| 원하는야채 적당량,"1. 양파, 청양고추를 어슷썰기 해주세요.
[TERM:어슷썰기]
2. 계란은 그릇에 풀어주세요.
3. 부추, 깻잎, 부침가루를 넣어주세요.
4. 손질한 양파, 청양고추를 넣고 함께 익혀주세요.
5. 간장, 물, 식초, 고춧가루, 설탕, 참기름 약간, 깨소금 약간, 원하는야채 적당량을 넣고 간이 고르게 배도록 끓여주세요.
6. 풀어둔 계란을 둘러가며 넣어 익혀주세요.
7. 재료가 충분히 익으면 깻잎부추전을 완성해주세요."
까르보나라떡볶이,[재료] 떡볶이떡| 양파 1/2개| 베이컨 3줄| 브로컬리 조금| 계란 노른자 1개| 다진마늘 1/2스푼 [크림소스] 우유 400ml| 허브솔트 톡톡| 슬라이스치즈 2장,"1. 양파를 어슷썰기 해주세요.
[TERM:어슷썰기]
2. 베이컨을 깍둑썰기 해주세요.
[TERM:깍둑썰기]
3. 계란 노른자는 그릇에 풀어주세요.
4. 떡볶이떡, 다진마늘, 브로컬리 조금을 넣어주세요.
5. 손질한 양파, 베이컨을 넣고 함께 익혀주세요.
6. 우유, 허브솔트 톡톡, 슬라이스치즈를 넣고 간이 고르게 배도록 끓여주세요.
7. 풀어둔 계란 노른자를 둘러가며 넣어 익혀주세요.
8. 재료가 충분히 익으면 까르보나라떡볶이를 완성해주세요."
찹스테이크,[재료] 소고기(구이용)| 양파| 파프리카| 버섯| 스테이크소스 4스푼| 굴소스 2스푼| 케찹 2스푼| 다진마늘 1스푼| 설탕 1스푼,"1. 소고기를 깍둑썰기 해주세요.
[TERM:깍둑썰기]
2. 양파, 파프리카를 어슷썰기 해주세요.
[TERM:어슷썰기]
3. 버섯을 편썰기 해주세요.
[TERM:편썰기]
4. 다진마늘, 스테이크소스를 넣어주세요.
5. 손질한 소고기, 양파, 파프리카, 버섯을 넣고 함께 익혀주세요.
6. 굴소스, 케찹, 설탕을 넣고 간이 고르게 배도록 끓여주세요.
7. 재료가 충분히 익으면 찹스테이크를 완성해주세요."
팟타이,[재료] 쌀국수면| 숙주| 양파| 새우| 달걀| 호박| 캐슈넛(or땅콩)| 다진마늘 [양념] 고추기름 [소스] 굴소스 2스푼| 피쉬소스(까나리액젓) 1스푼| 설탕 1/2스푼| 레몬즙 1스푼,"1. 양파를 어슷썰기 해주세요.
[TERM:어슷썰기]
2. 새우를 먹기 좋은 크기로 손질해주세요.
3. 호박을 반달썰기 해주세요.
[TERM:반달썰기]
4. 숙주는 깨끗이 씻어 물기를 빼주세요.
5. 달걀은 그릇에 풀어주세요.
6. 다진마늘, 쌀국수면, 캐슈넛을 넣어주세요.
7. 손질한 양파, 새우, 호박을 넣고 함께 익혀주세요.
8. 고추기름, 굴소스, 피쉬소스, 설탕, 레몬즙을 넣고 간이 고르게 배도록 끓여주세요.
9. 풀어둔 달걀을 둘러가며 넣어 익혀주세요.
10. 재료가 충분히 익으면 팟타이를 완성해주세요."
낙지볶음,[재료] 낙지 1마리| 양파 1/2개| 당근 1/6개| 양배추 1/4조각| 대파 1대| 식용유 1T| 참기름 3방울| 통깨 1T [양념장] 간장 3T| 설탕 1T| 맛술 1T| 고춧가루 2T| 다진마늘 1T,"1. 낙지를 먹기 좋은 크기로 손질해주세요.
2. 양파, 대파를 어슷썰기 해주세요.
[TERM:어슷썰기]
3. 당근을 채썰기 해주세요.
[TERM:채썰기]
4. 팬에 기름을 두르고 양배추를 먼저 볶아주세요.
5. 손질한 낙지, 양파, 대파, 당근을 넣고 함께 볶아주세요.
6. 간장, 설탕, 맛술, 고춧가루, 다진마늘, 식용유, 참기름, 통깨를 넣고 재료 전체에 고르게 배도록 볶아주세요.
7. 재료가 충분히 볶아지면 낙지볶음을 완성해주세요."
오이냉국,[재료] 오이 1개| 물 600미리| 소금 1스푼| 설탕 4스푼| 식초 6스푼| 깨소금 약간,"1. 오이를 어슷썰기 해주세요.
[TERM:어슷썰기]
2. 손질한 오이를 넣고 함께 익혀주세요.
3. 소금, 설탕, 식초, 깨소금 약간을 넣고 간이 고르게 배도록 끓여주세요.
4. 재료가 충분히 익으면 오이냉국을 완성해주세요."
초고추장골뱅이무침,[필수 재료] 양파 1/2개| 당근 1/2개| 오이 1/2개| 양배추 1줌| 대파 10cm| 청양고추 1개| 소면 2줌(200g) [선택 재료] 깻잎 1줌 [초고추장] 고추장 1/3컵| 설탕 1/3컵| 식초 1/3컵 [양념] 다진마늘 1큰술| 고춧가루 1큰술 [소면 밑간] 참기름 1큰술| 간장 1큰술| 통깨 1큰술,"1. 양파, 오이, 대파, 청양고추를 어슷썰기 해주세요.
[TERM:어슷썰기]
2. 당근을 채썰기 해주세요.
[TERM:채썰기]
3. 손질한 양파, 오이, 대파, 청양고추, 당근, 양배추, 소면, 깻잎을 끓는 물에 살짝 데쳐주세요.
[TERM:데치다]
4. 다진마늘, 고춧가루, 고추장, 설탕, 식초를 한데 섞어 양념을 만들어주세요.
5. 준비한 재료에 양념을 넣고 골고루 무쳐주세요.
6. 그릇에 담으면 초고추장골뱅이무침이 완성됩니다."
구운주먹밥,[주재료] 밥 4인분| 참치 1캔 (150g)| 후리가케 2인분 [필요양념] 참기름 4큰술 [간장소스] 진간장 2큰술| 맛술 1큰술| 설탕 0.5큰술| 올리고당 1큰술 [계량] 밥숟가락 계량,"1. 밥, 참치, 후리가케, 밥숟가락 계량을 넣어주세요.
2. 참기름, 진간장, 맛술, 설탕, 올리고당을 넣고 간이 고르게 배도록 끓여주세요.
3. 재료가 충분히 익으면 구운주먹밥을 완성해주세요."
가지탕수,[기본재료] 가지 2개| 양파 1/2개| 노란 파프리카 1/3개| 빨간 파프리카 1/3개 [소스재료] 케첩 4스푼(어른밥수저계량)| 굴소스 2스푼| 설탕 1스푼| 올리고당 1+1/2스푼 | 식초 1스푼| 참기름 1/2스푼| 통깨 약간 [튀김반죽재료] 튀김가루 75g(종이컵 한컵)| 물 종이컵 1/2컵,"1. 양파, 노란 파프리카, 빨간 파프리카를 어슷썰기 해주세요.
[TERM:어슷썰기]
2. 가지, 튀김가루를 넣어주세요.
3. 손질한 양파, 노란 파프리카, 빨간 파프리카를 넣고 함께 익혀주세요.
4. 케첩, 굴소스, 설탕, 올리고당, 식초, 참기름, 통깨 약간을 넣고 간이 고르게 배도록 끓여주세요.
5. 재료가 충분히 익으면 가지탕수를 완성해주세요."
무말랭이무침,[재료] 무말랭이| 파(잘게썬것) [밑간] 간장| 생수| 매실액 [무침 양념] 고추장| 고추가루| 참기름| 깨소금| 마늘| 매실청| 물엿,"1. 무말랭이를 나박썰기 해주세요.
[TERM:나박썰기]
2. 파를 어슷썰기 해주세요.
[TERM:어슷썰기]
3. 손질한 무말랭이, 파를 끓는 물에 살짝 데쳐주세요.
[TERM:데치다]
4. 고추장, 고추가루, 참기름, 깨소금, 마늘, 매실청, 물엿을 한데 섞어 양념을 만들어주세요.
5. 준비한 재료에 양념을 넣고 골고루 무쳐주세요.
6. 그릇에 담으면 무말랭이무침이 완성됩니다."
LA갈비,[재료] 코스트코 LA갈비 1팩| 배 1개| 양파 1개| 간장 2컵| 설탕 2/3컵| 맛술 1컵| 마늘 1/2컵| 생강| 파| 참기름,"1. 코스트코 LA갈비를 깍둑썰기 해주세요.
[TERM:깍둑썰기]
2. 양파, 파를 어슷썰기 해주세요.
[TERM:어슷썰기]
3. 마늘을 다지기 해주세요.
[TERM:다지기]
4. 배, 생강을 넣어주세요.
5. 손질한 코스트코 LA갈비, 양파, 파, 마늘을 넣고 함께 익혀주세요.
6. 간장, 설탕, 맛술, 참기름을 넣고 간이 고르게 배도록 끓여주세요.
7. 재료가 충분히 익으면 LA갈비를 완성해주세요."
소고기된장찌개,[재료] 소고기 100g| 두부 1/2모| 땡초 4개| 무 5cm| 양파 1/2개| 대파 1/2줄기 [양념] 된장 2T| 쌈장 2T| 참기름 1T| 고춧가루 1T| 다진마늘 1T,"1. 소고기를 깍둑썰기 해주세요.
[TERM:깍둑썰기]
2. 무를 나박썰기 해주세요.
[TERM:나박썰기]
3. 양파, 대파를 어슷썰기 해주세요.
[TERM:어슷썰기]
4. 두부, 땡초를 넣어주세요.
5. 손질한 소고기, 무, 양파, 대파를 넣고 함께 익혀주세요.
6. 된장, 쌈장, 참기름, 고춧가루, 다진마늘을 넣고 간이 고르게 배도록 끓여주세요.
7. 재료가 충분히 익으면 소고기된장찌개를 완성해주세요."
두부볶음,[재료] 단단한 두부 1모 [양념] 다진 마늘 1Ts| 물 3Ts| 고추장(평평하게 깎아서 계량) 1Ts| 간장 1Ts| 굴소스 1/2Ts| 올리고당 2Ts| 참기름 1Ts| 깨 1Ts,"1. 팬에 기름을 두르고 단단한 두부를 먼저 볶아주세요.
2. 다진 마늘, 물, 고추장, 간장, 굴소스, 올리고당, 참기름, 깨를 넣고 재료 전체에 고르게 배도록 볶아주세요.
3. 재료가 충분히 볶아지면 두부볶음을 완성해주세요."
나시고랭,[재료] 다진마늘 1T| 올리브유 1T| 숙주 1/2봉지| 밥 2공기| 계란 2개| 대파 1개| 칵테일새우 10개 [양념] 간장 1T| 굴소스 1T| 맛술 2T| 후추 0.5t| 설탕 0.5t,"1. 대파를 어슷썰기 해주세요.
[TERM:어슷썰기]
2. 칵테일새우를 먹기 좋은 크기로 손질해주세요.
3. 숙주는 깨끗이 씻어 물기를 빼주세요.
4. 계란은 그릇에 풀어주세요.
5. 다진마늘, 올리브유, 밥을 넣어주세요.
6. 손질한 대파, 칵테일새우를 넣고 함께 익혀주세요.
7. 간장, 굴소스, 맛술, 후추, 설탕을 넣고 간이 고르게 배도록 끓여주세요.
8. 풀어둔 계란을 둘러가며 넣어 익혀주세요.
9. 재료가 충분히 익으면 나시고랭을 완성해주세요."
부추겉절이,[재료] 부추 1움큼| 양파 1개| 오이(선택) 1/2토막 [양념] 고춧가루 3큰술| 다진마늘 1큰술| 설탕 1큰술| 매실액 1큰술| 멸치액젓 1큰술| 참기름 조금,"1. 양파, 오이를 어슷썰기 해주세요.
[TERM:어슷썰기]
2. 손질한 양파, 오이, 부추를 끓는 물에 살짝 데쳐주세요.
[TERM:데치다]
3. 고춧가루, 다진마늘, 설탕, 매실액, 멸치액젓, 참기름 조금을 한데 섞어 양념을 만들어주세요.
4. 준비한 재료에 양념을 넣고 골고루 무쳐주세요.
5. 그릇에 담으면 부추겉절이가 완성됩니다."
고사리나물,[고사리 나물재료] 불린 고사리 2줌| 대파 1/2대| 다진 마늘 1T| 국간장 2T| 들기름 1T| 식용유 약간,"1. 대파를 어슷썰기 해주세요.
[TERM:어슷썰기]
2. 다진 마늘, 불린 고사리를 넣어주세요.
3. 손질한 대파를 넣고 함께 익혀주세요.
4. 국간장, 들기름, 식용유 약간을 넣고 간이 고르게 배도록 끓여주세요.
5. 재료가 충분히 익으면 고사리나물을 완성해주세요."
어묵떡볶이,[재료] 떡볶이떡| 어묵| 양배추| 대파| 물 1컵 [양념] 고추장 1스푼| 고추가루 1스푼| 물엿,"1. 대파를 어슷썰기 해주세요.
[TERM:어슷썰기]
2. 떡볶이떡, 어묵, 양배추를 넣어주세요.
3. 손질한 대파를 넣고 함께 익혀주세요.
4. 고추장, 고추가루, 물엿을 넣고 간이 고르게 배도록 끓여주세요.
5. 재료가 충분히 익으면 어묵떡볶이를 완성해주세요."
콘샐러드,[재료] 옥수수통조림 1개| 빨간 파프리카 1/3개| 노란 파프리카 1/3개| 양파 1/2개 [양념] 마요네즈 3T| 식초 1T| 설탕 1/2T| 소금 1/2t| 후추 약간,"1. 빨간 파프리카, 노란 파프리카, 양파를 어슷썰기 해주세요.
[TERM:어슷썰기]
2. 옥수수통조림을 넣어주세요.
3. 손질한 빨간 파프리카, 노란 파프리카, 양파를 넣고 함께 익혀주세요.
4. 마요네즈, 식초, 설탕, 소금, 후추 약간을 넣고 간이 고르게 배도록 끓여주세요.
5. 재료가 충분히 익으면 콘샐러드를 완성해주세요."
파프리카버섯볶음,[재료] 파프리카 빨강이 1개| 파프리카 노랑이 1개| 느타리버섯 1팩| 대파 2대 [양념] 올리브유 1수저| 굴 소스 1~2수저| 깨 1작은 수저,"1. 파프리카 빨강이, 파프리카 노랑이, 대파를 어슷썰기 해주세요.
[TERM:어슷썰기]
2. 느타리버섯을 편썰기 해주세요.
[TERM:편썰기]
3. 손질한 파프리카 빨강이, 파프리카 노랑이, 대파, 느타리버섯을 넣고 함께 볶아주세요.
4. 올리브유, 굴 소스, 깨를 넣고 재료 전체에 고르게 배도록 볶아주세요.
5. 재료가 충분히 볶아지면 파프리카버섯볶음을 완성해주세요."
감자스프,[재료] 삶은 감자 2개| 우유 2컵| 양파 1/2| 버터 1조각| 소금| 식빵(옵션),"1. 삶은 감자를 깍둑썰기 해주세요.
[TERM:깍둑썰기]
2. 양파를 어슷썰기 해주세요.
[TERM:어슷썰기]
3. 버터, 식빵을 넣어주세요.
4. 손질한 삶은 감자, 양파를 넣고 함께 익혀주세요.
5. 소금을 넣고 간이 고르게 배도록 끓여주세요.
6. 재료가 충분히 익으면 감자스프를 완성해주세요."
깻잎찜,[필수재료] 깻잎 40장| 짧게 채 썬 양파 1/2개| 송송 썬 풋고추 2개| 송송 썬 홍고추 1개 [양념장] 설탕 1큰술| 고춧가루 2큰술| 간장 2+1/2큰술| 까나리액젓 1큰술| 물 3큰술| 다진마늘 2/3큰술,"1. 짧게 채 썬 양파, 송송 썬 풋고추, 송송 썬 홍고추를 어슷썰기 해주세요.
[TERM:어슷썰기]
2. 깻잎을 넣어주세요.
3. 손질한 짧게 채 썬 양파, 송송 썬 풋고추, 송송 썬 홍고추를 넣고 함께 익혀주세요.
4. 설탕, 고춧가루, 간장, 까나리액젓, 물, 다진마늘을 넣고 간이 고르게 배도록 끓여주세요.
5. 재료가 충분히 익으면 깻잎찜을 완성해주세요."
간장제육볶음,[재료] 불고기용 돼지고기 앞다리살 1kg| 진간장 8큰술| 설탕 6큰술| 참기름 1큰술| 양파 1개| 대파 1대| 마늘 4톨| 후추 1/2작은술| 통깨 1큰술| 쌈채소 적당량,"1. 불고기용 돼지고기 앞다리살을 깍둑썰기 해주세요.
[TERM:깍둑썰기]
2. 양파, 대파를 어슷썰기 해주세요.
[TERM:어슷썰기]
3. 마늘을 다지기 해주세요.
[TERM:다지기]
4. 팬에 기름을 두르고 불고기용 돼지고기 앞다리살, 쌈채소 적당량을 먼저 볶아주세요.
5. 손질한 양파, 대파, 마늘을 넣고 함께 볶아주세요.
6. 진간장, 설탕, 참기름, 후추, 통깨를 넣고 재료 전체에 고르게 배도록 볶아주세요.
7. 재료가 충분히 볶아지면 간장제육볶음을 완성해주세요."
두부덮밥,[재료] 두부| 애호박| 당근| 양파| 다진마늘| 진간장| 굴소스| 올리고당| 참기름| 식용유| 전분물,"1. 애호박을 반달썰기 해주세요.
[TERM:반달썰기]
2. 당근을 채썰기 해주세요.
[TERM:채썰기]
3. 양파를 어슷썰기 해주세요.
[TERM:어슷썰기]
4. 두부, 다진마늘을 넣어주세요.
5. 손질한 애호박, 당근, 양파를 넣고 함께 익혀주세요.
6. 진간장, 굴소스, 올리고당, 참기름, 식용유, 전분물을 넣고 간이 고르게 배도록 끓여주세요.
7. 재료가 충분히 익으면 두부덮밥을 완성해주세요."
등갈비찜,[재료] 등갈비 1kg| 월계수잎 5~6장| 통마늘 4개| 통후추 5~6알 [양념장] 간장 12스푼| 물엿이나 올리고당 3스푼| 설탕 2스푼| 매실액 2스푼| 맛술 2스푼| 참기름 1스푼| 다진마늘 1스푼| 배 1/2개| 양파 1/2개,"1. 등갈비를 깍둑썰기 해주세요.
[TERM:깍둑썰기]
2. 통마늘을 다지기 해주세요.
[TERM:다지기]
3. 손질한 등갈비, 통마늘을 넣고 함께 익혀주세요.
4. 간장, 물엿이나 올리고당, 설탕, 매실액, 맛술, 참기름, 다진마늘, 배, 양파, 월계수잎, 통후추를 넣고 간이 고르게 배도록 끓여주세요.
5. 재료가 충분히 익으면 등갈비찜을 완성해주세요."
햄치즈토스트,[필수재료] 식빵 2장| 슬라이스햄 1장| 슬라이스치즈 1장| 캔 옥수수 2T| 달걀 1개| 버터 1T [소스재료] 시판 키위 드레싱 2T| 마요네즈 1T| 올리고당 1T| 설탕 1/2T,"1. 달걀은 그릇에 풀어주세요.
2. 슬라이스햄, 슬라이스치즈, 식빵, 캔 옥수수, 버터를 넣어주세요.
3. 시판 키위 드레싱, 마요네즈, 올리고당, 설탕을 넣고 간이 고르게 배도록 끓여주세요.
4. 풀어둔 달걀을 둘러가며 넣어 익혀주세요.
5. 재료가 충분히 익으면 햄치즈토스트를 완성해주세요."
등갈비구이,[재료] 등갈비 1근 [등갈비 삶기] 양파 1/2개| 월계수잎 3~4장| 통마늘 4개| 통후추 20알 [양념] 간장 4큰술| 돈까스소스 4큰술| 올리고당 3큰술| 굴소스 1큰술| 다진마늘 1큰술| 케첩 2큰술| 매실청 1큰술| 맛술 1큰술| 물 1/3컵| 후추 약간,"1. 등갈비를 깍둑썰기 해주세요.
[TERM:깍둑썰기]
2. 양파를 어슷썰기 해주세요.
[TERM:어슷썰기]
3. 통마늘을 다지기 해주세요.
[TERM:다지기]
4. 손질한 등갈비, 양파, 통마늘을 넣고 함께 익혀주세요.
5. 간장, 돈까스소스, 올리고당, 굴소스, 다진마늘, 케첩, 매실청, 맛술, 물, 후추 약간, 월계수잎, 통후추를 넣고 간이 고르게 배도록 끓여주세요.
6. 재료가 충분히 익으면 등갈비구이를 완성해주세요."
오뎅탕,[재료] 오뎅 20개| 멸치 12마리| 대파 큰거 1뿌리| 무우 4토막| 양파 1개| 표고버섯 3개| 새우5마리| 다시다 1장 [양념] 굵은소금| 집간장| 쇠고기다시다(선택),"1. 대파 큰거, 양파를 어슷썰기 해주세요.
[TERM:어슷썰기]
2. 무우를 나박썰기 해주세요.
[TERM:나박썰기]
3. 표고버섯을 편썰기 해주세요.
[TERM:편썰기]
4. 새우를 먹기 좋은 크기로 손질해주세요.
5. 오뎅, 멸치를 넣어주세요.
6. 손질한 대파 큰거, 양파, 무우, 표고버섯, 새우를 넣고 함께 익혀주세요.
7. 굵은소금, 집간장, 쇠고기다시다, 다시다를 넣고 간이 고르게 배도록 끓여주세요.
8. 재료가 충분히 익으면 오뎅탕을 완성해주세요."
소꼬리곰탕,[재료] 소꼬리| 대파| 소금 약간,"1. 대파를 어슷썰기 해주세요.
[TERM:어슷썰기]
2. 소꼬리를 넣어주세요.
3. 손질한 대파를 넣고 함께 익혀주세요.
4. 소금 약간을 넣고 간이 고르게 배도록 끓여주세요.
5. 재료가 충분히 익으면 소꼬리곰탕을 완성해주세요."
베이컨월남쌈,[재료] 베이컨| 라이스페이퍼 [속재료] 양배추| 양파| 오이| 당근| 깻잎| 파인애플| 칵테일새우| 소면 [땅콩소스] 땅콩버터 1T| 간장 2/3T| 꿀 1T| 식초 1T| 우유 약간 [피시소스] 피시소스(또는 멸치액젓) 1T| 물 3T| 레몬즙 1T| 설탕 1T| 청양고추 1개| 홍고추 1개,"1. 베이컨을 깍둑썰기 해주세요.
[TERM:깍둑썰기]
2. 양파, 오이, 파인애플을 어슷썰기 해주세요.
[TERM:어슷썰기]
3. 당근을 채썰기 해주세요.
[TERM:채썰기]
4. 칵테일새우를 먹기 좋은 크기로 손질해주세요.
5. 라이스페이퍼, 양배추, 깻잎, 소면을 넣어주세요.
6. 손질한 베이컨, 양파, 오이, 파인애플, 당근, 칵테일새우를 넣고 함께 익혀주세요.
7. 땅콩버터, 간장, 꿀, 식초, 우유 약간, 피시소스, 물, 레몬즙, 설탕, 청양고추, 홍고추를 넣고 간이 고르게 배도록 끓여주세요.
8. 재료가 충분히 익으면 베이컨월남쌈을 완성해주세요."
짜글이찌개,[재료] 돼지고기목살(앞다리살) 500~600g| 김치(묵은지) 1/2쪽| 양파 1개| 대파 2개 [양념] 고추장 2스푼| 다진마늘 2스푼| 후추가루 조금| 설탕 1스푼| 들기름 1스푼| 생강가루 1/2스푼,"1. 돼지고기목살을 깍둑썰기 해주세요.
[TERM:깍둑썰기]
2. 김치를 채썰기 해주세요.
[TERM:채썰기]
3. 양파, 대파를 어슷썰기 해주세요.
[TERM:어슷썰기]
4. 손질한 돼지고기목살, 김치, 양파, 대파를 넣고 함께 익혀주세요.
5. 고추장, 다진마늘, 후추가루 조금, 설탕, 들기름, 생강가루를 넣고 간이 고르게 배도록 끓여주세요.
6. 재료가 충분히 익으면 짜글이찌개를 완성해주세요."
호박볶음,[재료] 쥬키니 호박 2/3개| 양파 1/2개| 대파 1/2뿌리 [양념] 식용유 1T| 들기름 1T| 간장 2T| 굴소스 1T| 고추가루 1.5T| 설탕 0.5T| 다진마늘 0.5T| 들기름 0.5T| 소금 약간,"1. 쥬키니 호박을 반달썰기 해주세요.
[TERM:반달썰기]
2. 양파, 대파를 어슷썰기 해주세요.
[TERM:어슷썰기]
3. 손질한 쥬키니 호박, 양파, 대파를 넣고 함께 볶아주세요.
4. 식용유, 들기름, 간장, 굴소스, 고추가루, 설탕, 다진마늘, 소금 약간을 넣고 재료 전체에 고르게 배도록 볶아주세요.
5. 재료가 충분히 볶아지면 호박볶음을 완성해주세요."
매운감자조림,[재료] 감자 알감자 14개(감자 4개)| 물 1/2컵 [양념] 고추가루 2큰술| 간장 3큰술| 쇠고기다시다 1작은술| 식용유 1큰술| 대파 1뿌리| 다진 마늘 1큰술| 양파 1개,"1. 감자 알감자를 깍둑썰기 해주세요.
[TERM:깍둑썰기]
2. 고추가루, 간장, 쇠고기다시다, 식용유, 대파, 다진 마늘, 양파를 섞어 양념장을 만들어주세요.
3. 냄비에 감자 알감자를 넣고 양념장을 부어주세요.
4. 국물이 자작해질 때까지 졸여주세요.
[TERM:졸이다]
5. 국물이 충분히 졸아들면 매운감자조림을 완성해주세요."
스팸양배추덮밥,[재료] 양배추 2주먹| 양파 1/2개| 대파 10센티| 스팸 100g| 땡초 2개 [양념] 다진마늘 1/2T| 간장 2T| 굴소스 1T| 참기름 1T| 설탕 1/2T| 후추 2번톡톡| 물 5T,"1. 양파, 대파를 어슷썰기 해주세요.
[TERM:어슷썰기]
2. 스팸을 깍둑썰기 해주세요.
[TERM:깍둑썰기]
3. 양배추, 땡초를 넣어주세요.
4. 손질한 양파, 대파, 스팸을 넣고 함께 익혀주세요.
5. 다진마늘, 간장, 굴소스, 참기름, 설탕, 후추, 물을 넣고 간이 고르게 배도록 끓여주세요.
6. 재료가 충분히 익으면 스팸양배추덮밥을 완성해주세요."
콩나물불고기,[재료] 대패삼겹살 600g| 새송이버섯 2개| 양파 1개| 깻잎 15장| 파 적당량| 콩나물 적당량,"1. 대패삼겹살을 깍둑썰기 해주세요.
[TERM:깍둑썰기]
2. 새송이버섯을 편썰기 해주세요.
[TERM:편썰기]
3. 양파, 파 적당량을 어슷썰기 해주세요.
[TERM:어슷썰기]
4. 깻잎을 넣어주세요.
5. 손질한 대패삼겹살, 새송이버섯, 양파, 파 적당량을 넣고 함께 익혀주세요.
6. 재료가 충분히 익으면 콩나물불고기를 완성해주세요."
부추전,부추 500원 동전 굵기정도| 당근 5cm한토막| 양파 1/2개| 청양고추 2개| 부침가루 1컵| 찬물 2/3컵| 카놀라유 약간,"1. 당근을 채썰기 해주세요.
[TERM:채썰기]
2. 양파, 청양고추를 어슷썰기 해주세요.
[TERM:어슷썰기]
3. 부추, 부침가루, 카놀라유 약간을 넣어주세요.
4. 손질한 당근, 양파, 청양고추를 넣고 함께 익혀주세요.
5. 재료가 충분히 익으면 부추전을 완성해주세요."
돼지고기두루치기,[재료] 돼지고기 600g| 양파 1개| 대파 1뿌리 [양념] 고추장 1.5스푼| 고춧가루 3스푼| 간장 4스푼| 설탕 1스푼| 올리고당 2스푼| 매실액 2스푼| 맛술 2스푼| 생강가루 0.3스푼| 후춧가루 0.3스푼| 다진마늘 1스푼,"1. 돼지고기를 깍둑썰기 해주세요.
[TERM:깍둑썰기]
2. 양파, 대파를 어슷썰기 해주세요.
[TERM:어슷썰기]
3. 손질한 돼지고기, 양파, 대파를 넣고 함께 익혀주세요.
4. 고추장, 고춧가루, 간장, 설탕, 올리고당, 매실액, 맛술, 생강가루, 후춧가루, 다진마늘을 넣고 간이 고르게 배도록 끓여주세요.
5. 재료가 충분히 익으면 돼지고기두루치기를 완성해주세요."
새우볶음밥,[재료] 계란 2개| 대파 1/2개| 냉동새우 8마리| 간장 1t| 참기름 1t| 통깨 살짝,"1. 대파를 어슷썰기 해주세요.
[TERM:어슷썰기]
2. 냉동새우를 먹기 좋은 크기로 손질해주세요.
3. 계란은 그릇에 풀어주세요.
4. 손질한 대파, 냉동새우를 넣고 함께 익혀주세요.
5. 간장, 참기름, 통깨 살짝을 넣고 간이 고르게 배도록 끓여주세요.
6. 풀어둔 계란을 둘러가며 넣어 익혀주세요.
7. 재료가 충분히 익으면 새우볶음밥을 완성해주세요."
치킨,[재료] 닭볶음탕용 닭 1마리| 흰우유 200~300ml| 시리얼 1컵| 허브솔트| 후추 적당히| 치킨튀김가루 1스푼 듬뿍| 믹서기 | 에어프라이어,"1. 닭볶음탕용 닭을 깍둑썰기 해주세요.
[TERM:깍둑썰기]
2. 시리얼, 허브솔트, 치킨튀김가루, 믹서기, 에어프라이어를 넣어주세요.
3. 손질한 닭볶음탕용 닭을 넣고 함께 익혀주세요.
4. 후추 적당히를 넣고 간이 고르게 배도록 끓여주세요.
5. 재료가 충분히 익으면 치킨을 완성해주세요."
간장감자조림,[재료] 감자 3개| 올리고당 1큰술| 설탕 1큰술| 매실액 1큰술| 간장 21/2큰술| 참기름 약간| 통깨 약간| 대파 약간,"1. 감자를 깍둑썰기 해주세요.
[TERM:깍둑썰기]
2. 대파 약간을 어슷썰기 해주세요.
[TERM:어슷썰기]
3. 올리고당, 설탕, 매실액, 간장, 참기름 약간, 통깨 약간을 섞어 양념장을 만들어주세요.
4. 냄비에 감자, 대파 약간을 넣고 양념장을 부어주세요.
5. 국물이 자작해질 때까지 졸여주세요.
[TERM:졸이다]
6. 국물이 충분히 졸아들면 간장감자조림을 완성해주세요."
참치비빔밥,[양념재료] 참치캔 1/2캔(100g)| 고추장 1.5스푼| 고추가루 1큰술| 간장 1큰술| 설탕 1큰술| 올리고당 1큰술| 참기름 1큰술 [밥재료] 밥 1공기| 상추 3장| 김 1줌| 계란 1개,"1. 계란은 그릇에 풀어주세요.
2. 밥, 상추, 김을 넣어주세요.
3. 참치캔, 고추장, 고추가루, 간장, 설탕, 올리고당, 참기름을 넣고 간이 고르게 배도록 끓여주세요.
4. 풀어둔 계란을 둘러가며 넣어 익혀주세요.
5. 재료가 충분히 익으면 참치비빔밥을 완성해주세요."
김구이,[재료] 달래 1/2줌| 홍고추 1/2개| 구운김 적당량 [양념] 간장 10T| 참기름 1T| 깨 1T| 매실청 3T| 마늘 1/2T| 고추가루 1T,"1. 홍고추를 어슷썰기 해주세요.
[TERM:어슷썰기]
2. 달래, 구운김 적당량을 넣어주세요.
3. 손질한 홍고추를 넣고 함께 익혀주세요.
4. 간장, 참기름, 깨, 매실청, 마늘, 고추가루를 넣고 간이 고르게 배도록 끓여주세요.
5. 재료가 충분히 익으면 김구이를 완성해주세요."
갈치무조림,[재료] 갈치 큰거 3도막| 무 400g| 양파 3/4개| 청양고추 2개| 다시마우린물 2+1/2컵| 대파 약간 [조림장 재료] 고추장 2+1/2숟갈| 간장 1숟갈| 멸치액젓 2숟갈| 고추가루 2+1/2숟갈| 다진마늘 2+1/2숟갈| 생강술 4숟갈| 매실액 1+1/2숟갈| 참기름 1숟갈| 깨소금 1숟갈| 후추 약간,"1. 무를 나박썰기 해주세요.
[TERM:나박썰기]
2. 양파, 청양고추, 대파 약간을 어슷썰기 해주세요.
[TERM:어슷썰기]
3. 고추장, 간장, 멸치액젓, 고추가루, 매실액, 참기름, 깨소금, 후추 약간을 섞어 양념장을 만들어주세요.
4. 냄비에 무, 양파, 청양고추, 대파 약간, 다진마늘, 갈치 큰거, 생강술을 넣고 양념장을 부어주세요.
5. 국물이 자작해질 때까지 졸여주세요.
[TERM:졸이다]
6. 국물이 충분히 졸아들면 갈치무조림을 완성해주세요."
청포묵무침,[재료] 청포묵 320g| 대파 잎 조금| 김가루 조금 [양념] 맛소금 1/2작은스푼| 들기름 1스푼| 통깨 1스푼,"1. 대파 잎 조금을 어슷썰기 해주세요.
[TERM:어슷썰기]
2. 손질한 대파 잎 조금, 청포묵, 김가루 조금을 끓는 물에 살짝 데쳐주세요.
[TERM:데치다]
3. 맛소금, 들기름, 통깨를 한데 섞어 양념을 만들어주세요.
4. 준비한 재료에 양념을 넣고 골고루 무쳐주세요.
5. 그릇에 담으면 청포묵무침이 완성됩니다."
팽이버섯조림,[재료] 팽이버섯 1봉지| 청양고추 1개| 식용유 2스푼| 다진마늘 1큰술 [양념] 고추가루 1/2스푼| 설탕 1스푼| 미림 2스푼| 진간장 1스푼| 굴소스 1/2스푼| 고추장 1/3스푼| 된장 1/3스푼| 물 2스푼,"1. 팽이버섯을 편썰기 해주세요.
[TERM:편썰기]
2. 청양고추를 어슷썰기 해주세요.
[TERM:어슷썰기]
3. 고추가루, 설탕, 미림, 진간장, 굴소스, 고추장, 된장, 물, 식용유를 섞어 양념장을 만들어주세요.
4. 냄비에 팽이버섯, 청양고추, 다진마늘을 넣고 양념장을 부어주세요.
5. 국물이 자작해질 때까지 졸여주세요.
[TERM:졸이다]
6. 국물이 충분히 졸아들면 팽이버섯조림을 완성해주세요."
더덕구이,[재료] 더덕 4개| 식용유 1스푼 [양념재료] 고추가루 2스푼| 진간장 1스푼| 설탕 1스푼| 물엿 1스푼| 깨 1스푼| 후추가루 1/4스푼| 마늘 1/2스푼| 다진파 1스푼| 맛술 1스푼| 고추장 1스푼| 참기름 1스푼| 물 1스푼,"1. 더덕을 넣어주세요.
2. 고추가루, 진간장, 설탕, 물엿, 깨, 후추가루, 마늘, 다진파, 맛술, 고추장, 참기름, 물, 식용유를 넣고 간이 고르게 배도록 끓여주세요.
3. 재료가 충분히 익으면 더덕구이를 완성해주세요."
계란감자국,[재료] 감자 1개| 계란 1개| 대파 1/3개| 물 7컵 [양념재료] 국간장 1스푼| 소금 약간| 후추 약간,"1. 감자를 깍둑썰기 해주세요.
[TERM:깍둑썰기]
2. 대파를 어슷썰기 해주세요.
[TERM:어슷썰기]
3. 계란은 그릇에 풀어주세요.
4. 손질한 감자, 대파를 넣고 함께 익혀주세요.
5. 국간장, 소금 약간, 후추 약간을 넣고 간이 고르게 배도록 끓여주세요.
6. 풀어둔 계란을 둘러가며 넣어 익혀주세요.
7. 재료가 충분히 익으면 계란감자국을 완성해주세요."
고추장돼지불고기,[재료] 돼지불고기 300g| 양파 1개| 대파 1뿌리| 다진마늘 2스푼| 고추장 3스푼| 고춧가루 1큰술| 후춧가루 약간| 미림 2스푼| 매실청 2스푼| 맛간장 4스푼| 꿀 3스푼| 생강가루 1ts,"1. 양파, 대파를 어슷썰기 해주세요.
[TERM:어슷썰기]
2. 다진마늘, 돼지불고기, 매실청, 꿀, 생강가루를 넣어주세요.
3. 손질한 양파, 대파를 넣고 함께 익혀주세요.
4. 고추장, 고춧가루, 후춧가루 약간, 미림, 맛간장을 넣고 간이 고르게 배도록 끓여주세요.
5. 재료가 충분히 익으면 고추장돼지불고기를 완성해주세요."
콩나물찌개,[재료] 콩나물 1봉지| 돼지고기다짐육 1컵| 양파 1/2개| 표고버섯 1줌| 청 고추 &홍 고추 2개 [양념] 파 1컵| 식용유 1컵(소주잔)| 다진마늘 1큰술| 새우젓 1큰술| 간장 1큰술,"1. 돼지고기다짐육을 깍둑썰기 해주세요.
[TERM:깍둑썰기]
2. 양파, 청 고추 &홍 고추를 어슷썰기 해주세요.
[TERM:어슷썰기]
3. 표고버섯을 편썰기 해주세요.
[TERM:편썰기]
4. 손질한 돼지고기다짐육, 양파, 청 고추 &홍 고추, 표고버섯을 넣고 함께 익혀주세요.
5. 파, 식용유, 다진마늘, 새우젓, 간장을 넣고 간이 고르게 배도록 끓여주세요.
6. 재료가 충분히 익으면 콩나물찌개를 완성해주세요."
알감자조림,[재료] 알감자 1봉(1봉 600g) [양념] 물 500cc| 간장 7T| 설탕 4T| 물엿 5T| 참기름 1T| 깨 조금,"1. 알감자를 깍둑썰기 해주세요.
[TERM:깍둑썰기]
2. 물, 간장, 설탕, 물엿, 참기름, 깨 조금을 섞어 양념장을 만들어주세요.
3. 냄비에 알감자를 넣고 양념장을 부어주세요.
4. 국물이 자작해질 때까지 졸여주세요.
[TERM:졸이다]
5. 국물이 충분히 졸아들면 알감자조림을 완성해주세요."
카레,[재료] 카레가루 100g| 카레용 돼지고기150g | 감자 큰거 1개| 당근 1/2개| 양파 2개(중간사이즈)| 새송이버섯 2개| 우유 200ml| 버터 1스푼| 후추 약간| 물 800ml| 마늘 1스푼,"1. 카레용 돼지고기, 감자 큰거를 깍둑썰기 해주세요.
[TERM:깍둑썰기]
2. 당근을 채썰기 해주세요.
[TERM:채썰기]
3. 양파를 어슷썰기 해주세요.
[TERM:어슷썰기]
4. 새송이버섯을 편썰기 해주세요.
[TERM:편썰기]
5. 마늘을 다지기 해주세요.
[TERM:다지기]
6. 버터를 넣어주세요.
7. 손질한 카레용 돼지고기, 감자 큰거, 당근, 양파, 새송이버섯, 마늘을 넣고 함께 익혀주세요.
8. 카레가루, 후추 약간을 넣고 간이 고르게 배도록 끓여주세요.
9. 재료가 충분히 익으면 카레를 완성해주세요."
닭튀김,[재료] 닭볶음탕용 닭 1마리| 튀김가루| 식용유 600ml| 우유 200ml [양념] 맛소금 1/2숟갈| 후춧가루 듬뿍,"1. 닭볶음탕용 닭을 깍둑썰기 해주세요.
[TERM:깍둑썰기]
2. 튀김가루를 넣어주세요.
3. 손질한 닭볶음탕용 닭을 넣고 함께 익혀주세요.
4. 맛소금, 후춧가루 듬뿍, 식용유를 넣고 간이 고르게 배도록 끓여주세요.
5. 재료가 충분히 익으면 닭튀김을 완성해주세요."
동태찌개,[재료] 동태 1마리| 무 5cm크기 1토막| 양파 1/2개| 대파 1/2대| 멸치육수 5컵| [멸치육수]| 다시멸치 적당량| 고추씨 1큰술| 다시마 2장| 대파뿌리 적당량 [양념] 고춧가루 2큰술| 다진마늘 1큰술| 청양고추 1개| 국간장 1큰술| 소금 약간,"1. 무를 나박썰기 해주세요.
[TERM:나박썰기]
2. 양파, 대파를 어슷썰기 해주세요.
[TERM:어슷썰기]
3. 다시멸치 적당량, 고추씨, 다시마, 대파뿌리 적당량을 냄비에 넣고 끓여 국물을 준비해주세요.
4. 동태를 넣어주세요.
5. 손질한 무, 양파, 대파를 넣고 함께 익혀주세요.
6. 고춧가루, 다진마늘, 청양고추, 국간장, 소금 약간, 멸치육수를 넣고 간이 고르게 배도록 끓여주세요.
7. 재료가 충분히 익으면 동태찌개를 완성해주세요."
쇠고기장조림,[재료] 쇠고기 장조림용 홍두깨살(600g) 1근 [고기삶는물 재료] 물 7컵| 마늘 7쪽| 생강 1톨| 대파 흰 부분 2대| 청양고추나 마른 고추 2개| 청주 5큰술 [조림장재료] 간장 12큰술| 맛술 3큰술| 흑설탕 1큰술| 물엿 2큰술| 마른고추 1개,"1. 마늘을 다지기 해주세요.
[TERM:다지기]
2. 대파 흰 부분, 청양고추나 마른 고추, 마른고추를 어슷썰기 해주세요.
[TERM:어슷썰기]
3. 쇠고기 장조림용 홍두깨살, 청주, 간장, 맛술, 흑설탕, 물엿을 섞어 양념장을 만들어주세요.
4. 냄비에 마늘, 대파 흰 부분, 청양고추나 마른 고추, 마른고추, 생강을 넣고 양념장을 부어주세요.
5. 국물이 자작해질 때까지 졸여주세요.
[TERM:졸이다]
6. 국물이 충분히 졸아들면 쇠고기장조림을 완성해주세요."
파무침,[재료] 대파 큰 2-3뿌리 [양념] 간장 3T| 고추가루 2T| 식초 2T| 설탕 1T| 다진마늘 1T| 참기름 1T| 통깨 조금,"1. 대파 큰을 어슷썰기 해주세요.
[TERM:어슷썰기]
2. 손질한 대파 큰을 끓는 물에 살짝 데쳐주세요.
[TERM:데치다]
3. 간장, 고추가루, 식초, 설탕, 다진마늘, 참기름, 통깨 조금을 한데 섞어 양념을 만들어주세요.
4. 준비한 재료에 양념을 넣고 골고루 무쳐주세요.
5. 그릇에 담으면 파무침이 완성됩니다."
크림스파게티,[재료] 베이컨 100g| 휘핑크림 500ml| 우유 200ml| 계란노른자 3개| 양파(대) 1/2개| 다진마늘1/2스푼| 버터 1/2스푼| 파슬리 약간| 소금 1/2스푼| 스파게티면 [양념] 소금 1/2스푼| 파슬리 약간,"1. 베이컨을 깍둑썰기 해주세요.
[TERM:깍둑썰기]
2. 양파, 파슬리 약간, 스파게티면을 어슷썰기 해주세요.
[TERM:어슷썰기]
3. 계란노른자는 그릇에 풀어주세요.
4. 다진마늘, 휘핑크림, 버터를 넣어주세요.
5. 손질한 베이컨, 양파, 파슬리 약간, 스파게티면을 넣고 함께 익혀주세요.
6. 소금, 파슬리 약간을 넣고 간이 고르게 배도록 끓여주세요.
7. 풀어둔 계란노른자를 둘러가며 넣어 익혀주세요.
8. 재료가 충분히 익으면 크림스파게티를 완성해주세요."
파채무침,[재료와 양념] 대파 5대| 진간장 1스푼| 액젓 1/2스푼| 매실청 1스푼| 고춧가루 1+1/2스푼| 설탕 1/2스푼| 참기름 약간| 통깨 약간,"1. 대파, 진간장, 액젓, 매실청, 고춧가루, 설탕, 참기름 약간, 통깨 약간을 한데 섞어 양념을 만들어주세요.
2. 그릇에 담으면 파채무침이 완성됩니다."
오징어채볶음,[재료] 진미채 250g [양념] 고추장 3큰술| 올리고당 3큰술| 고추기름 1큰술| 간장 2큰술| 청주 4큰술 | 설탕 1큰술| 마요네즈 2~3큰술,"1. 팬에 기름을 두르고 진미채를 먼저 볶아주세요.
2. 고추장, 올리고당, 고추기름, 간장, 청주, 설탕, 마요네즈를 넣고 재료 전체에 고르게 배도록 볶아주세요.
3. 재료가 충분히 볶아지면 오징어채볶음을 완성해주세요."
쟁반막국수,[재료] 메밀국수 300g| 적채 40g| 상추 7장| 당근 40g| 양파 40g| 오이 40g [막국수 양념] 사과 1개| 간장 4큰술| 고춧가루 4큰술| 마늘 1큰술| 식초 4큰술| 설탕 3큰술| 사이다 100ml| 깨소금 1큰술| 연겨자 1/2큰술| 아몬드 슬라이스 2큰술,"1. 당근을 채썰기 해주세요.
[TERM:채썰기]
2. 양파, 오이를 어슷썰기 해주세요.
[TERM:어슷썰기]
3. 메밀국수, 적채, 상추를 넣어주세요.
4. 손질한 당근, 양파, 오이를 넣고 함께 익혀주세요.
5. 사과, 간장, 고춧가루, 마늘, 식초, 설탕, 사이다, 깨소금, 연겨자, 아몬드 슬라이스를 넣고 간이 고르게 배도록 끓여주세요.
6. 재료가 충분히 익으면 쟁반막국수를 완성해주세요."
고추장참치볶음밥,[재료] 달걀 1개| 다진파 4T| 다진마늘 1/2T| 참치캔 100ml| 간장 1/2T| 고추장 듬뿍 1T| 참기름 1T| 찬밥 1인분| 김가루 조금| 깨,"1. 달걀은 그릇에 풀어주세요.
2. 다진파, 다진마늘, 참치캔, 찬밥, 김가루 조금을 넣어주세요.
3. 간장, 고추장 듬뿍, 참기름, 깨를 넣고 간이 고르게 배도록 끓여주세요.
4. 풀어둔 달걀을 둘러가며 넣어 익혀주세요.
5. 재료가 충분히 익으면 고추장참치볶음밥을 완성해주세요."
감바스,[필수재료] 새우 10마리| 마늘 2톨| 소금 약간| 후추 약간| 카놀라유 1/2cup| 페페론치노 4개 [선택재료] 바게트빵 1개,"1. 새우를 먹기 좋은 크기로 손질해주세요.
2. 마늘을 다지기 해주세요.
[TERM:다지기]
3. 카놀라유, 페페론치노, 바게트빵을 넣어주세요.
4. 손질한 새우, 마늘을 넣고 함께 익혀주세요.
5. 소금 약간, 후추 약간을 넣고 간이 고르게 배도록 끓여주세요.
6. 재료가 충분히 익으면 감바스를 완성해주세요."
김치말이국수,[재료] 소면 2뭉치( 500원 동전만한 크기로)| 계란 1개| 시판 냉면육수 1봉지| 김치국물 1컵| 송송 썬 김치 1줌| 오이 1/3개 [양념] 설탕 1/2스푼| 식초 1스푼| 들기름(참기름) 1/2스푼| 참깨 조금,"1. 송송 썬 김치를 채썰기 해주세요.
[TERM:채썰기]
2. 오이를 어슷썰기 해주세요.
[TERM:어슷썰기]
3. 계란은 그릇에 풀어주세요.
4. 소면을 넣어주세요.
5. 손질한 송송 썬 김치, 오이를 넣고 함께 익혀주세요.
6. 설탕, 식초, 들기름, 참깨 조금, 시판 냉면육수를 넣고 간이 고르게 배도록 끓여주세요.
7. 풀어둔 계란을 둘러가며 넣어 익혀주세요.
8. 재료가 충분히 익으면 김치말이국수를 완성해주세요."
물김치,[재료] 무 1개(大사이즈 1250g)| 배 1/3개| 양파 1/2개| 대파흰부분 1개| 마늘 8개| 생강 1개(마늘크기로)| 찹쌀가루 1+1/2T| 청양고추 3개| 홍고추 2개 [양념] 천일염 4T| 설탕 2T| 생수 9컵,"1. 무를 나박썰기 해주세요.
[TERM:나박썰기]
2. 양파, 대파흰부분, 청양고추, 홍고추를 어슷썰기 해주세요.
[TERM:어슷썰기]
3. 마늘을 다지기 해주세요.
[TERM:다지기]
4. 배, 생강, 찹쌀가루를 넣어주세요.
5. 손질한 무, 양파, 대파흰부분, 청양고추, 홍고추, 마늘을 넣고 함께 익혀주세요.
6. 천일염, 설탕, 생수를 넣고 간이 고르게 배도록 끓여주세요.
7. 재료가 충분히 익으면 물김치를 완성해주세요."
더덕무침,[재료] 더덕 4개 [양념재료] 고추가루 2스푼| 진간장 1스푼| 설탕 1스푼| 물엿 1스푼| 깨 1스푼| 후추가루 1/4스푼| 다진마늘 1/2스푼| 다진파 1/2스푼| 맛술 1스푼| 식초 2스푼,"1. 손질한 더덕을 끓는 물에 살짝 데쳐주세요.
[TERM:데치다]
2. 고추가루, 진간장, 설탕, 물엿, 깨, 후추가루, 다진마늘, 다진파, 맛술, 식초를 한데 섞어 양념을 만들어주세요.
3. 준비한 재료에 양념을 넣고 골고루 무쳐주세요.
4. 그릇에 담으면 더덕무침이 완성됩니다."
조기매운탕,[재료] 조기 3마리| 무 200g| 애호박 80g| 대파 70g| 청양고추 2개| 홍 고추 1개| 쑥갓 3줄기| 육수 4컵 [육수] 다시마| 멸치| 양파| 표고버섯 [양념] 고추장 1T| 고춧가루 2T| 다진 마늘 1T| 간장 2T| 청주 1/2T| 후춧가루 약간| 소금 약간,"1. 무를 나박썰기 해주세요.
[TERM:나박썰기]
2. 애호박을 반달썰기 해주세요.
[TERM:반달썰기]
3. 대파, 청양고추, 홍 고추를 어슷썰기 해주세요.
[TERM:어슷썰기]
4. 다시마, 멸치, 양파, 표고버섯을 냄비에 넣고 끓여 국물을 준비해주세요.
5. 조기, 쑥갓을 넣어주세요.
6. 손질한 무, 애호박, 대파, 청양고추, 홍 고추를 넣고 함께 익혀주세요.
7. 고추장, 고춧가루, 다진 마늘, 간장, 청주, 후춧가루 약간, 소금 약간, 육수를 넣고 간이 고르게 배도록 끓여주세요.
8. 재료가 충분히 익으면 조기매운탕을 완성해주세요."
닭개장,[재료] 닭(중간) 1마리| 대파 2개| 숙주 1줌(180g)| 팽이버섯(느타리버섯) 1봉 [양념] 마늘 1수저| 고춧가루 3수저| 국간장 2수저| 소금 약간| 후추 약간| 기름 1수저 [닭 육수(삶기)] 물 15컵| 대파 1개| 통마늘 3개| 생강 1쪽| 통후추 5개| 월계수잎 3장,"1. 닭을 깍둑썰기 해주세요.
[TERM:깍둑썰기]
2. 대파를 어슷썰기 해주세요.
[TERM:어슷썰기]
3. 팽이버섯을 편썰기 해주세요.
[TERM:편썰기]
4. 숙주는 깨끗이 씻어 물기를 빼주세요.
5. 물, 대파, 통마늘, 생강, 통후추, 월계수잎을 냄비에 넣고 끓여 국물을 준비해주세요.
6. 손질한 닭, 대파, 팽이버섯을 넣고 함께 익혀주세요.
7. 마늘, 고춧가루, 국간장, 소금 약간, 후추 약간, 기름을 넣고 간이 고르게 배도록 끓여주세요.
8. 재료가 충분히 익으면 닭개장을 완성해주세요."
새우연두부달걀탕,[재료] 연두부 1팩| 새우 10-12마리| 달걀 1개| 송송 썬 쪽파 1-2줌| 다시마 5cm x 5cm 1장| 간장 1-1.5T,"1. 새우를 먹기 좋은 크기로 손질해주세요.
2. 송송 썬 쪽파를 어슷썰기 해주세요.
[TERM:어슷썰기]
3. 다시마는 물에 불려 부드럽게 준비해주세요.
4. 달걀은 그릇에 풀어주세요.
5. 연두부를 넣어주세요.
6. 손질한 새우, 송송 썬 쪽파를 넣고 함께 익혀주세요.
7. 간장을 넣고 간이 고르게 배도록 끓여주세요.
8. 풀어둔 달걀을 둘러가며 넣어 익혀주세요.
9. 재료가 충분히 익으면 새우연두부달걀탕을 완성해주세요."
마늘조림,[재료] 마늘 40알정도| 식용유 2큰술 [양념] 물 3큰술| 간장 3큰술| 꿀 1.5큰술| 참기름 1/2큰술| 통깨 약간,"1. 마늘을 다지기 해주세요.
[TERM:다지기]
2. 물, 간장, 꿀, 참기름, 통깨 약간, 식용유를 섞어 양념장을 만들어주세요.
3. 냄비에 마늘을 넣고 양념장을 부어주세요.
4. 국물이 자작해질 때까지 졸여주세요.
[TERM:졸이다]
5. 국물이 충분히 졸아들면 마늘조림을 완성해주세요."
홍합탕,[재료] 홍합 1냄비| 대파 1개| 양파 1/2개| 청양고추 1개| 다진 마늘 1큰술| 소금(입맛에 맞게) 적당량,"1. 대파, 양파, 청양고추를 어슷썰기 해주세요.
[TERM:어슷썰기]
2. 다진 마늘, 홍합을 넣어주세요.
3. 손질한 대파, 양파, 청양고추를 넣고 함께 익혀주세요.
4. 소금 적당량을 넣고 간이 고르게 배도록 끓여주세요.
5. 재료가 충분히 익으면 홍합탕을 완성해주세요."
애호박덮밥,[재료] 애호박 1개| 양파 1/2개| 굴소스 1큰술| 고춧가루 1큰술| 다진마늘 1t| 참기름| 식용유| 달걀,"1. 애호박을 반달썰기 해주세요.
[TERM:반달썰기]
2. 양파를 어슷썰기 해주세요.
[TERM:어슷썰기]
3. 달걀은 그릇에 풀어주세요.
4. 다진마늘을 넣어주세요.
5. 손질한 애호박, 양파를 넣고 함께 익혀주세요.
6. 굴소스, 고춧가루, 참기름, 식용유를 넣고 간이 고르게 배도록 끓여주세요.
7. 풀어둔 달걀을 둘러가며 넣어 익혀주세요.
8. 재료가 충분히 익으면 애호박덮밥을 완성해주세요."
어묵잡채,[재료] 당면 1줌| 사각어묵 2장| 부추 1/2줌| 당근 1/3개| 양파 1/2개 [양념] 식용유 2T| 맛소금 약간| 후추 약간| 들기름 2T| 간장 6T| 설탕 1.5T| 깨 약간,"1. 당근을 채썰기 해주세요.
[TERM:채썰기]
2. 양파를 어슷썰기 해주세요.
[TERM:어슷썰기]
3. 당면은 물에 불려 부드럽게 준비해주세요.
4. 사각어묵, 부추를 넣어주세요.
5. 손질한 당근, 양파를 넣고 함께 익혀주세요.
6. 식용유, 맛소금 약간, 후추 약간, 들기름, 간장, 설탕, 깨 약간을 넣고 간이 고르게 배도록 끓여주세요.
7. 재료가 충분히 익으면 어묵잡채를 완성해주세요."
간장새우장,[재료] 새우 1kg(50~60마리 정도)| 양파 중 1개| 풋고추 6개| 마늘 5톨 [새우간장물] 간장 2컵| 물 3컵| 청주 1/2컵| 맛술 1/2컵| 설탕 3스푼| 생강 2톨| 마른고추 1개| 통후추 1/2스푼| 레몬 1/2개,"1. 새우를 먹기 좋은 크기로 손질해주세요.
2. 양파 중, 풋고추, 마른고추를 어슷썰기 해주세요.
[TERM:어슷썰기]
3. 마늘을 다지기 해주세요.
[TERM:다지기]
4. 생강, 레몬을 넣어주세요.
5. 손질한 새우, 양파 중, 풋고추, 마른고추, 마늘을 넣고 함께 익혀주세요.
6. 간장, 청주, 맛술, 설탕, 통후추를 넣고 간이 고르게 배도록 끓여주세요.
7. 재료가 충분히 익으면 간장새우장을 완성해주세요."
꽁치통조림김치찌개,[재료] 김치(묵은지) 1/4포기| 꽁치통조림 1캔| 된장 1/3큰술| 고춧가루 1.5큰술| 설탕 1/2큰술| 다진마늘 1큰술| 들기름or참기름 1큰술,"1. 김치를 채썰기 해주세요.
[TERM:채썰기]
2. 된장, 고춧가루, 설탕, 들기름or참기름을 섞어 양념장을 만들어주세요.
3. 냄비에 김치, 다진마늘, 꽁치통조림을 넣고 양념장을 부어주세요.
4. 국물이 자작해질 때까지 졸여주세요.
[TERM:졸이다]
5. 국물이 충분히 졸아들면 꽁치통조림김치찌개를 완성해주세요."
밥솥구운계란,[주재료] 달걀 25개| 물 5컵(200cc컵으로)| 소금 1숟가락| 식초 1숟가락| 키친타올 2어장,"1. 달걀은 그릇에 풀어주세요.
2. 키친타올을 넣어주세요.
3. 소금, 식초를 넣고 간이 고르게 배도록 끓여주세요.
4. 풀어둔 달걀을 둘러가며 넣어 익혀주세요.
5. 재료가 충분히 익으면 밥솥구운계란을 완성해주세요."
알탕,[재료] 명란알| 다시팩| 무| 애호박| 콩나물| 대파| 쑥갓| 소금 [양념장] 고추장 1/2큰술| 고추가루 2큰술| 국간장 1큰술| 다진마늘 1큰술| 후추가루| 생강가루or생강즙,"1. 무를 나박썰기 해주세요.
[TERM:나박썰기]
2. 애호박을 반달썰기 해주세요.
[TERM:반달썰기]
3. 대파를 어슷썰기 해주세요.
[TERM:어슷썰기]
4. 명란알, 다시팩, 쑥갓을 넣어주세요.
5. 손질한 무, 애호박, 대파를 넣고 함께 익혀주세요.
6. 고추장, 고추가루, 국간장, 다진마늘, 후추가루, 생강가루or생강즙, 소금을 넣고 간이 고르게 배도록 끓여주세요.
7. 재료가 충분히 익으면 알탕을 완성해주세요."
햄감자채볶음,[재료] 감자 3개| 스팸 200g| 당근 1/2개| 양파 1개 [재료] 소금| 후추| 식용유| 통깨,"1. 감자, 스팸을 깍둑썰기 해주세요.
[TERM:깍둑썰기]
2. 당근을 채썰기 해주세요.
[TERM:채썰기]
3. 양파를 어슷썰기 해주세요.
[TERM:어슷썰기]
4. 팬에 기름을 두르고 스팸을 먼저 볶아주세요.
5. 손질한 감자, 당근, 양파를 넣고 함께 볶아주세요.
6. 소금, 후추, 식용유, 통깨를 넣고 재료 전체에 고르게 배도록 볶아주세요.
7. 재료가 충분히 볶아지면 햄감자채볶음을 완성해주세요."
간장계란밥,[재료] 밥 1공기| 계란 3개| 식용유 2스푼| 진간장 1스푼| 참기름 1스푼| 깨 약간,"1. 계란은 그릇에 풀어주세요.
2. 밥을 넣어주세요.
3. 식용유, 진간장, 참기름, 깨 약간을 넣고 간이 고르게 배도록 끓여주세요.
4. 풀어둔 계란을 둘러가며 넣어 익혀주세요.
5. 재료가 충분히 익으면 간장계란밥을 완성해주세요."
메추리알꽈리고추장조림,[재료] 메추리알 270g| 꽈리고추 1+1/2줌| 통깨 약간 [양념] 물 1컵| 간장 6큰술| 미림 2큰술| 설탕 2큰술| 올리고당 2큰술,"1. 꽈리고추를 어슷썰기 해주세요.
[TERM:어슷썰기]
2. 물, 간장, 미림, 설탕, 올리고당, 통깨 약간을 섞어 양념장을 만들어주세요.
3. 냄비에 꽈리고추, 메추리알을 넣고 양념장을 부어주세요.
4. 국물이 자작해질 때까지 졸여주세요.
[TERM:졸이다]
5. 국물이 충분히 졸아들면 메추리알꽈리고추장조림을 완성해주세요."
해파리손질,[해파리냉채 재료] 해파리 360g| 물 200ml| 설탕 2큰술| 식초 2큰술| 맛술소주컵 1컵 [부재료] 파프리카 빨강노랑각 1개| 당근 약간| 오이 1개| 크래미 5개 [겨자소스 만들기] 진간장 1큰술| 소금 0.5t| 설탕 2큰술| 식초 2.5큰술| 다진마늘 1작은술| 머스터드소스 0.5큰술| 참기름 1큰술| 꿀 1큰술,"1. 해파리, 파프리카 빨강노랑각, 오이를 어슷썰기 해주세요.
[TERM:어슷썰기]
2. 당근 약간을 채썰기 해주세요.
[TERM:채썰기]
3. 크래미를 넣어주세요.
4. 손질한 해파리, 파프리카 빨강노랑각, 오이, 당근 약간을 넣고 함께 익혀주세요.
5. 진간장, 소금, 설탕, 식초, 다진마늘, 머스터드소스, 참기름, 꿀, 맛술소주컵을 넣고 간이 고르게 배도록 끓여주세요.
6. 재료가 충분히 익으면 해파리손질을 완성해주세요."
소고기배추국,[재료] 배추잎 5~6장| 소고기국거리 200g| 다진마늘 1/2스푼| 파 조금| 국간장 1스푼| 맛술 1스푼| 쌀뜨물 3컵| 된장 2스푼,"1. 소고기국거리를 깍둑썰기 해주세요.
[TERM:깍둑썰기]
2. 파 조금을 어슷썰기 해주세요.
[TERM:어슷썰기]
3. 다진마늘, 배추잎을 넣어주세요.
4. 손질한 소고기국거리, 파 조금을 넣고 함께 익혀주세요.
5. 국간장, 맛술, 된장을 넣고 간이 고르게 배도록 끓여주세요.
6. 재료가 충분히 익으면 소고기배추국을 완성해주세요."
굴배추국,[재료] 굴 1+1/2컵| 배추 8~10장| 양파(작은사이즈) 1/2개| 당근 1/4개| 대파 적당량| 청양고추 1~2개| 참기름 1스푼| 식용유 1스푼| 물 7~8컵| 소금 약간| 다진마늘 1스푼| 미림 2스푼| 참치액 4스푼| 후춧가루 약간,"1. 양파, 대파 적당량, 청양고추를 어슷썰기 해주세요.
[TERM:어슷썰기]
2. 당근을 채썰기 해주세요.
[TERM:채썰기]
3. 다진마늘, 굴, 배추, 참치액을 넣어주세요.
4. 손질한 양파, 대파 적당량, 청양고추, 당근을 넣고 함께 익혀주세요.
5. 참기름, 식용유, 소금 약간, 미림, 후춧가루 약간을 넣고 간이 고르게 배도록 끓여주세요.
6. 재료가 충분히 익으면 굴배추국을 완성해주세요."
새알동지팥죽,[재료] 팥 500g| 찹쌀 2컵| 찹쌀가루 2컵| 쌀 1/2컵 [양념] 소금 약간| 설탕 취향껏,"1. 팥, 찹쌀, 찹쌀가루, 쌀을 넣어주세요.
2. 소금 약간, 설탕 취향껏을 넣고 간이 고르게 배도록 끓여주세요.
3. 재료가 충분히 익으면 새알동지팥죽을 완성해주세요."
클럽샌드위치,[재료] 식빵 3장| 햄| 계란 1개| 양파| 토마토| 양상추 [샌드위치스프레드] 마요네즈 1큰술| 머스타드 1/2큰술| 다진피클 1/2큰술,"1. 양파를 어슷썰기 해주세요.
[TERM:어슷썰기]
2. 계란은 그릇에 풀어주세요.
3. 다진피클, 식빵, 햄, 토마토, 양상추를 넣어주세요.
4. 손질한 양파를 넣고 함께 익혀주세요.
5. 마요네즈, 머스타드를 넣고 간이 고르게 배도록 끓여주세요.
6. 풀어둔 계란을 둘러가며 넣어 익혀주세요.
7. 재료가 충분히 익으면 클럽샌드위치를 완성해주세요."
무쌈말이,[재료] 무쌈 2통| 무순 1팩| 빨간 파프리카 1개| 노랑 파프리카 1개| 깻잎 10장| 오이 1개| 양파 0.5개| 당근 1개 [양념] 연겨자 1T,"1. 무쌈, 무순을 나박썰기 해주세요.
[TERM:나박썰기]
2. 빨간 파프리카, 노랑 파프리카, 오이, 양파를 어슷썰기 해주세요.
[TERM:어슷썰기]
3. 당근을 채썰기 해주세요.
[TERM:채썰기]
4. 깻잎을 넣어주세요.
5. 손질한 무쌈, 무순, 빨간 파프리카, 노랑 파프리카, 오이, 양파, 당근을 넣고 함께 익혀주세요.
6. 연겨자를 넣고 간이 고르게 배도록 끓여주세요.
7. 재료가 충분히 익으면 무쌈말이를 완성해주세요."
버터간장계란비빔밥,[재료] 밥 1공기| 달걀 1개| 영양부추 약간 [양념] 버터(또는 마가린) 2/3큰술| 간장 1/2큰술+α,"1. 달걀은 그릇에 풀어주세요.
2. 밥, 영양부추 약간을 넣어주세요.
3. 버터, 간장을 넣고 간이 고르게 배도록 끓여주세요.
4. 풀어둔 달걀을 둘러가며 넣어 익혀주세요.
5. 재료가 충분히 익으면 버터간장계란비빔밥을 완성해주세요."
스팸양파덮밥,[재료] 양파 1개| 스팸 2슬라이스| 계란 1개| 다진마늘 1스푼| 파 적당량| 참깨 적당량 [양념재료] 간장 2스푼| 설탕 1스푼| 맛술 2스푼| 물 6스푼,"1. 양파, 파 적당량을 어슷썰기 해주세요.
[TERM:어슷썰기]
2. 스팸을 깍둑썰기 해주세요.
[TERM:깍둑썰기]
3. 계란은 그릇에 풀어주세요.
4. 다진마늘을 넣어주세요.
5. 손질한 양파, 파 적당량, 스팸을 넣고 함께 익혀주세요.
6. 간장, 설탕, 맛술, 물, 참깨 적당량을 넣고 간이 고르게 배도록 끓여주세요.
7. 풀어둔 계란을 둘러가며 넣어 익혀주세요.
8. 재료가 충분히 익으면 스팸양파덮밥을 완성해주세요."
전복야채죽,[재료] 쌀 1/2컵| 꼬마전복 6개| 당근 약간| 시금치 약간| 양파 약간 [양념] 참기름 2숟갈| 다시마물 4컵| 소금 약간,"1. 당근 약간을 채썰기 해주세요.
[TERM:채썰기]
2. 양파 약간을 어슷썰기 해주세요.
[TERM:어슷썰기]
3. 쌀, 꼬마전복, 시금치 약간을 넣어주세요.
4. 손질한 당근 약간, 양파 약간을 넣고 함께 익혀주세요.
5. 참기름, 다시마물, 소금 약간을 넣고 간이 고르게 배도록 끓여주세요.
6. 재료가 충분히 익으면 전복야채죽을 완성해주세요."
양파고추장아찌,[재료] 양파 [양념] 간장 1+2/3컵| 물 2컵| 설탕 1+2/3컵| 식초 1+2/3컵,"1. 양파를 어슷썰기 해주세요.
[TERM:어슷썰기]
2. 손질한 양파를 끓는 물에 살짝 데쳐주세요.
[TERM:데치다]
3. 간장, 물, 설탕, 식초를 한데 섞어 양념을 만들어주세요.
4. 준비한 재료에 양념을 넣고 골고루 무쳐주세요.
5. 그릇에 담으면 양파고추장아찌가 완성됩니다."
황태콩나물해장국,[재료] 물 2+2종이컵| 조각다시마 2장| 황태채 1줌| 콩나물 1줌| 대파 1/2뿌리| 청양고추 1개| 달걀 1개 [양념] 들기름 4T| 간장 2T| 맛술 1T| 다진마늘 0.5T| 소금 1t| 후추 약간,"1. 대파, 청양고추를 어슷썰기 해주세요.
[TERM:어슷썰기]
2. 조각다시마는 물에 불려 부드럽게 준비해주세요.
3. 달걀은 그릇에 풀어주세요.
4. 황태채를 넣어주세요.
5. 손질한 대파, 청양고추를 넣고 함께 익혀주세요.
6. 들기름, 간장, 맛술, 다진마늘, 소금, 후추 약간을 넣고 간이 고르게 배도록 끓여주세요.
7. 풀어둔 달걀을 둘러가며 넣어 익혀주세요.
8. 재료가 충분히 익으면 황태콩나물해장국을 완성해주세요."
진미채간장볶음,[재료] 진미채 200g| 마요네즈 2스푼| 진간장 3스푼| 설탕 1스푼| 올리고당 2스푼| 다진마늘 1/2스푼| 참기름 1스푼| 통깨 약간,"1. 팬에 기름을 두르고 다진마늘, 진미채를 먼저 볶아주세요.
2. 마요네즈, 진간장, 설탕, 올리고당, 참기름, 통깨 약간을 넣고 재료 전체에 고르게 배도록 볶아주세요.
3. 재료가 충분히 볶아지면 진미채간장볶음을 완성해주세요."
안심스테이크,[재료] 한우 안심(328g) 2덩이| 올리브유 약간| 소금 후추 약간 [소스] A1소스 5TS| 레드와인 5TS| 설탕 약간| 후추 약간,"1. 한우 안심, 올리브유 약간을 넣어주세요.
2. A, 레드와인, 설탕 약간, 후추 약간, 소금 후추 약간을 넣고 간이 고르게 배도록 끓여주세요.
3. 재료가 충분히 익으면 안심스테이크를 완성해주세요."
무국,[재료] 무채 3줌| 대파 1줄기| 마늘 3개 [양념] 참기름 2T| 국간장 2T| 멸치액젓 1T| 소금 1/2스푼,"1. 무채를 나박썰기 해주세요.
[TERM:나박썰기]
2. 대파를 어슷썰기 해주세요.
[TERM:어슷썰기]
3. 마늘을 다지기 해주세요.
[TERM:다지기]
4. 손질한 무채, 대파, 마늘을 넣고 함께 익혀주세요.
5. 참기름, 국간장, 멸치액젓, 소금을 넣고 간이 고르게 배도록 끓여주세요.
6. 재료가 충분히 익으면 무국을 완성해주세요."
해물파전,[재료] 쪽파 150g| 오징어 1마리| 부침가루 1컵| 물 1컵| 달걀 1알| 당근 조금| 청양고추 3개| 식용유 5스푼 [양념] 식용유 5스푼,"1. 쪽파, 청양고추를 어슷썰기 해주세요.
[TERM:어슷썰기]
2. 오징어를 먹기 좋은 크기로 손질해주세요.
3. 당근 조금을 채썰기 해주세요.
[TERM:채썰기]
4. 달걀은 그릇에 풀어주세요.
5. 부침가루를 넣어주세요.
6. 손질한 쪽파, 청양고추, 오징어, 당근 조금을 넣고 함께 익혀주세요.
7. 식용유를 넣고 간이 고르게 배도록 끓여주세요.
8. 풀어둔 달걀을 둘러가며 넣어 익혀주세요.
9. 재료가 충분히 익으면 해물파전을 완성해주세요."
감자보관,[재료] 감자 적당량,"1. 감자 적당량을 깍둑썰기 해주세요.
[TERM:깍둑썰기]
2. 손질한 감자 적당량을 넣고 함께 익혀주세요.
3. 재료가 충분히 익으면 감자보관을 완성해주세요."
감자떡,[필수 재료] 적당한 크기의 감자 3개| 감자 전분 2스푼| 소금 1꼬집 [소스 재료] 간장 1스푼| 올리고당 1스푼| 맛술 1스푼| 물 1스푼 [추가 재료] 버터 1조각| 치즈 약간,"1. 적당한 크기의 감자를 깍둑썰기 해주세요.
[TERM:깍둑썰기]
2. 버터, 치즈 약간을 넣어주세요.
3. 손질한 적당한 크기의 감자를 넣고 함께 익혀주세요.
4. 간장, 올리고당, 맛술, 물, 감자 전분, 소금을 넣고 간이 고르게 배도록 끓여주세요.
5. 재료가 충분히 익으면 감자떡을 완성해주세요."
돼지불백,[재료] 돼지뒷다리살 500g [양념] 맛술 1큰술| 생강즙 2큰술| 참기름 1큰술| 간장 2큰술| 다진마늘 1큰술| 굴소스 1큰술| 설탕 1큰술| 올리고당 1+1/2큰술,"1. 돼지뒷다리살을 넣어주세요.
2. 맛술, 생강즙, 참기름, 간장, 다진마늘, 굴소스, 설탕, 올리고당을 넣고 간이 고르게 배도록 끓여주세요.
3. 재료가 충분히 익으면 돼지불백을 완성해주세요."
전복손질,[재료] 전복 1kg(15~16미)| 물 약간,"1. 전복을 넣어주세요.
2. 재료가 충분히 익으면 전복손질을 완성해주세요."
연어장,[재료] 연어 300g| 간장 1/2컵| 물 1컵| 설탕 2T| 양파 1/2개| 대파 1쪽| 청주 1T,"1. 양파, 대파를 어슷썰기 해주세요.
[TERM:어슷썰기]
2. 연어를 넣어주세요.
3. 손질한 양파, 대파를 넣고 함께 익혀주세요.
4. 간장, 설탕, 청주를 넣고 간이 고르게 배도록 끓여주세요.
5. 재료가 충분히 익으면 연어장을 완성해주세요."
오니기리,[필수재료] 밥 2공기| 참치 1캔| 마요네즈 2T| 볶은 김치 3T| 후추 약간 [밥 밑간 재료] 참기름 2T| 맛술 1T| 간장 2T| 참깨 1T,"1. 볶은 김치를 채썰기 해주세요.
[TERM:채썰기]
2. 참기름, 맛술, 간장, 참깨를 섞어 밑간을 만들고, 주재료에 미리 배어들게 재워주세요.
3. 밥, 참치를 넣어주세요.
4. 손질한 볶은 김치를 넣고 함께 익혀주세요.
5. 마요네즈, 후추 약간을 넣고 간이 고르게 배도록 끓여주세요.
6. 재료가 충분히 익으면 오니기리를 완성해주세요."
부추김치,[재료] 부추 1단| 양파 1개| 당근 약간 [양념 만들기] 고춧가루 7큰술| 새우젓 2큰술| 까나리액젓 3큰술| 마늘 2큰술| 매실청 3큰술| 통깨 2큰술,"1. 양파를 어슷썰기 해주세요.
[TERM:어슷썰기]
2. 당근 약간을 채썰기 해주세요.
[TERM:채썰기]
3. 부추를 넣어주세요.
4. 손질한 양파, 당근 약간을 넣고 함께 익혀주세요.
5. 고춧가루, 새우젓, 까나리액젓, 마늘, 매실청, 통깨를 넣고 간이 고르게 배도록 끓여주세요.
6. 재료가 충분히 익으면 부추김치를 완성해주세요."
아구찜,[재료] 아구 1kg| 주꾸미 4마리| 일자콩나물(찜용콩나물) 500g| 미나리 2줌| 대파 2줌| 미더덕 1+1/2줌| 다시마물 1/2컵| 참기름 1+1/2큰술| 통깨 약간| 녹말물 5큰술 [양념장] 고춧가루 10큰술| 설탕 2큰술| 마늘 2큰술| 생강 1작은술| 소금 1/2큰술| 간장 1큰술,"1. 주꾸미를 먹기 좋은 크기로 손질해주세요.
2. 대파를 어슷썰기 해주세요.
[TERM:어슷썰기]
3. 아구, 미나리, 미더덕을 넣어주세요.
4. 손질한 주꾸미, 대파를 넣고 함께 익혀주세요.
5. 고춧가루, 설탕, 마늘, 생강, 소금, 간장, 참기름, 통깨 약간을 넣고 간이 고르게 배도록 끓여주세요.
6. 재료가 충분히 익으면 아구찜을 완성해주세요."
나박물김치,[재료] 배추 1포기| 무 2개| 양파 2개| 당근 1/2개| 배 1개| 굵은소금 1컵(절이는데 사용)| 홍고추 7개| 다진마늘 1/2컵| 고추가루 2컵| 쪽파 1줌| 생강 1큰술 (생강가루 사용해도 됨) [양념] 설탕 2큰술| 물 25컵| 굵은소금 4큰술 [찹쌀풀 재료] 밀가루 1컵| 물 5컵,"1. 무를 나박썰기 해주세요.
[TERM:나박썰기]
2. 양파, 홍고추, 쪽파를 어슷썰기 해주세요.
[TERM:어슷썰기]
3. 당근을 채썰기 해주세요.
[TERM:채썰기]
4. 다진마늘, 배추, 배, 생강을 넣어주세요.
5. 손질한 무, 양파, 홍고추, 쪽파, 당근을 넣고 함께 익혀주세요.
6. 설탕, 물, 굵은소금, 고추가루, 밀가루를 넣고 간이 고르게 배도록 끓여주세요.
7. 재료가 충분히 익으면 나박물김치를 완성해주세요."
참치마요주먹밥,[재료] 햄| 당근| 양파| 애호박| 달걀2개| 참치 1캔 [양념] 마요네즈| 김가루,"1. 당근을 채썰기 해주세요.
[TERM:채썰기]
2. 양파를 어슷썰기 해주세요.
[TERM:어슷썰기]
3. 애호박을 반달썰기 해주세요.
[TERM:반달썰기]
4. 달걀은 그릇에 풀어주세요.
5. 햄, 참치를 넣어주세요.
6. 손질한 당근, 양파, 애호박을 넣고 함께 익혀주세요.
7. 마요네즈, 김가루를 넣고 간이 고르게 배도록 끓여주세요.
8. 풀어둔 달걀을 둘러가며 넣어 익혀주세요.
9. 재료가 충분히 익으면 참치마요주먹밥을 완성해주세요."
오꼬노미야끼,[재료] 돼지고기 다짐육 150g| 오징어 1마리| 양배추 400g| 마 200g| 부침가루 1컵| 물 1/2컵| 댤걀 2개| 식용유 적당량| 마요네즈 2큰술| 가다랭이포 1줌 [양념] 우스터 소스 2큰술| 돈까스 소스 2큰술,"1. 돼지고기 다짐육을 깍둑썰기 해주세요.
[TERM:깍둑썰기]
2. 오징어를 먹기 좋은 크기로 손질해주세요.
3. 양배추, 마, 부침가루, 댤걀, 가다랭이포를 넣어주세요.
4. 손질한 돼지고기 다짐육, 오징어를 넣고 함께 익혀주세요.
5. 우스터 소스, 돈까스 소스, 식용유 적당량, 마요네즈를 넣고 간이 고르게 배도록 끓여주세요.
6. 재료가 충분히 익으면 오꼬노미야끼를 완성해주세요."
시금치고추장무침,[재료] 시금치 250g [양념] 고추장 1큰스푼| 들기름 1+1/2스푼| 다진마늘 1/2스푼| 파 1스푼| 소금 약간| 통깨 1/2스푼,"1. 손질한 시금치를 끓는 물에 살짝 데쳐주세요.
[TERM:데치다]
2. 고추장, 들기름, 다진마늘, 파, 소금 약간, 통깨를 한데 섞어 양념을 만들어주세요.
3. 준비한 재료에 양념을 넣고 골고루 무쳐주세요.
4. 그릇에 담으면 시금치고추장무침이 완성됩니다."
견과류멸치볶음,[재료] 잔 멸치 200g| 청양고추 10개| 호두 150g| 아몬드 150g| 식용유 (두르기) 2번 [양념] 간장 2T| 설탕 6T| 물엿 3T| 깨 1T| 참기름 1/2T,"1. 청양고추를 어슷썰기 해주세요.
[TERM:어슷썰기]
2. 팬에 기름을 두르고 잔 멸치, 호두, 아몬드를 먼저 볶아주세요.
3. 손질한 청양고추를 넣고 함께 볶아주세요.
4. 간장, 설탕, 물엿, 깨, 참기름, 식용유를 넣고 재료 전체에 고르게 배도록 볶아주세요.
5. 재료가 충분히 볶아지면 견과류멸치볶음을 완성해주세요."
에그샌드위치,[재료] 계란 3개| 스팸 조금| 당근 조금| 브로콜리 조금| 다진 오이피클 2스푼| 식빵 [양념] 마요네즈| 허니머스터드소스,"1. 스팸 조금을 깍둑썰기 해주세요.
[TERM:깍둑썰기]
2. 당근 조금을 채썰기 해주세요.
[TERM:채썰기]
3. 계란은 그릇에 풀어주세요.
4. 다진 오이피클, 브로콜리 조금, 식빵을 넣어주세요.
5. 손질한 스팸 조금, 당근 조금을 넣고 함께 익혀주세요.
6. 마요네즈, 허니머스터드소스를 넣고 간이 고르게 배도록 끓여주세요.
7. 풀어둔 계란을 둘러가며 넣어 익혀주세요.
8. 재료가 충분히 익으면 에그샌드위치를 완성해주세요."
단무지무침,[재료] 단무지 1줄| 쪽파 2대| 다진마늘 1/2스푼| 고추가루 1스푼| 참기름 1스푼| 통깨 1/3스푼,"1. 단무지를 나박썰기 해주세요.
[TERM:나박썰기]
2. 쪽파를 어슷썰기 해주세요.
[TERM:어슷썰기]
3. 손질한 단무지, 쪽파, 다진마늘을 끓는 물에 살짝 데쳐주세요.
[TERM:데치다]
4. 고추가루, 참기름, 통깨를 한데 섞어 양념을 만들어주세요.
5. 준비한 재료에 양념을 넣고 골고루 무쳐주세요.
6. 그릇에 담으면 단무지무침이 완성됩니다."
오이소박이김치,[재료] 오이 20개| 부추 1단 [양념] 고춧가루 7수저| 마늘 3수저| 생강 1/3수저| 매실청 1수저| 새우젓 1수저| 멸치 액젓 3수저| 천일염 5수저,"1. 오이를 어슷썰기 해주세요.
[TERM:어슷썰기]
2. 부추를 넣어주세요.
3. 손질한 오이를 넣고 함께 익혀주세요.
4. 고춧가루, 마늘, 생강, 매실청, 새우젓, 멸치 액젓, 천일염을 넣고 간이 고르게 배도록 끓여주세요.
5. 재료가 충분히 익으면 오이소박이김치를 완성해주세요."
만두강정,[재료] 만두(교자만두/물만두) 10개| 비엔나소세지 작은거 1봉 [양념] 물 1T| 간장 1T| 고추장 2T| 케찹 2T| 올리고당 1.5T| 다진마늘 1t| 참기름 약간| 깨 약간,"1. 만두교자만두, 비엔나소세지 작은거를 넣어주세요.
2. 물, 간장, 고추장, 케찹, 올리고당, 다진마늘, 참기름 약간, 깨 약간을 넣고 간이 고르게 배도록 끓여주세요.
3. 재료가 충분히 익으면 만두강정을 완성해주세요."
늙은호박죽,[재료] 늙은호박 1/2덩이| 쌀가루 300g| 팥(생략가능) 약간| 물 2컵 [양념] 소금 약간,"1. 늙은호박을 반달썰기 해주세요.
[TERM:반달썰기]
2. 쌀가루, 팥 약간을 넣어주세요.
3. 손질한 늙은호박을 넣고 함께 익혀주세요.
4. 소금 약간을 넣고 간이 고르게 배도록 끓여주세요.
5. 재료가 충분히 익으면 늙은호박죽을 완성해주세요."
오징어덮밥,[재료] 오징어 2마리| 대파(채썬 것) 1줌| 양배추| 양파| 당근| 달걀 [양념] 고추장 1T| 고춧가루 3T| 간장 5T| 다진마늘 1T| 설탕 1T| 참기름 1T,"1. 오징어를 먹기 좋은 크기로 손질해주세요.
2. 대파, 양파를 어슷썰기 해주세요.
[TERM:어슷썰기]
3. 당근을 채썰기 해주세요.
[TERM:채썰기]
4. 달걀은 그릇에 풀어주세요.
5. 양배추를 넣어주세요.
6. 손질한 오징어, 대파, 양파, 당근을 넣고 함께 익혀주세요.
7. 고추장, 고춧가루, 간장, 다진마늘, 설탕, 참기름을 넣고 간이 고르게 배도록 끓여주세요.
8. 풀어둔 달걀을 둘러가며 넣어 익혀주세요.
9. 재료가 충분히 익으면 오징어덮밥을 완성해주세요."
참치알리올리오볶음밥,[재료] 밥 1공기| 마늘 5개| 참치 2스푼| 올리브유 약간| 달걀 1개 [양념] 소금 약간,"1. 마늘을 다지기 해주세요.
[TERM:다지기]
2. 달걀은 그릇에 풀어주세요.
3. 밥, 참치, 올리브유 약간을 넣어주세요.
4. 손질한 마늘을 넣고 함께 익혀주세요.
5. 소금 약간을 넣고 간이 고르게 배도록 끓여주세요.
6. 풀어둔 달걀을 둘러가며 넣어 익혀주세요.
7. 재료가 충분히 익으면 참치알리올리오볶음밥을 완성해주세요."
양장피,[재료] 오징어 몸통| 새우 10마리| 잡채용소고기 150g| 양장피 1장| 달걀 2개| 오이| 당근| 표고버섯| 맛살| 피망| 홍고추 [소고기양념] 간장 1TS| 설탕 1/2TS| 다진마늘 1/2TS| 참기름 1/2TS| 후추약간 [양장피양념] 간장 1TS| 설탕 1TS| 참기름 1ts [겨자소스] 연겨자 1TS| 식초 1TS| 올리고당 2TS| 레몬즙 1TS| 다진마늘 1TS| 참기름 1TS| 소금 1/2TS,"1. 오징어 몸통, 새우를 먹기 좋은 크기로 손질해주세요.
2. 잡채용소고기를 깍둑썰기 해주세요.
[TERM:깍둑썰기]
3. 오이, 피망, 홍고추를 어슷썰기 해주세요.
[TERM:어슷썰기]
4. 당근을 채썰기 해주세요.
[TERM:채썰기]
5. 표고버섯을 편썰기 해주세요.
[TERM:편썰기]
6. 달걀은 그릇에 풀어주세요.
7. 양장피, 맛살을 넣어주세요.
8. 손질한 오징어 몸통, 새우, 잡채용소고기, 오이, 피망, 홍고추, 당근, 표고버섯을 넣고 함께 익혀주세요.
9. 간장, 설탕, 다진마늘, 참기름, 후추약간, 연겨자, 식초, 올리고당, 레몬즙, 소금을 넣고 간이 고르게 배도록 끓여주세요.
10. 풀어둔 달걀을 둘러가며 넣어 익혀주세요.
11. 재료가 충분히 익으면 양장피를 완성해주세요."
얼갈이겉절이,[재료] 얼갈이배추 1/2봉지 [양념] 고춧가루 5큰술| 멸치액젓 3큰술| 설탕 1/2큰술| 물엿 2큰술| 다진마늘 1.5큰술| 통깨 약간| 참기름 조금,"1. 손질한 얼갈이배추를 끓는 물에 살짝 데쳐주세요.
[TERM:데치다]
2. 고춧가루, 멸치액젓, 설탕, 물엿, 다진마늘, 통깨 약간, 참기름 조금을 한데 섞어 양념을 만들어주세요.
3. 준비한 재료에 양념을 넣고 골고루 무쳐주세요.
4. 그릇에 담으면 얼갈이겉절이가 완성됩니다."
찹쌀탕수육,[필수재료] 돼지고기(등심) 600g| 찹쌀가루 1cup| 전분 1cup| 물 250ml [고기밑간재료] 청주 1T| 소금 약간| 후추 약간 [소스재료] 당근 30g| 오이 30g| 양파 30g| 물 300ml| 간장 30ml| 설탕 7T| 식초 45ml| 전분 2T| 물 40ml,"1. 돼지고기를 깍둑썰기 해주세요.
[TERM:깍둑썰기]
2. 청주, 소금 약간, 후추 약간을 섞어 밑간을 만들고, 주재료에 미리 배어들게 재워주세요.
3. 찹쌀가루를 넣어주세요.
4. 손질한 돼지고기를 넣고 함께 익혀주세요.
5. 당근, 오이, 양파, 물, 간장, 설탕, 식초, 전분을 넣고 간이 고르게 배도록 끓여주세요.
6. 재료가 충분히 익으면 찹쌀탕수육을 완성해주세요."
매생이굴국,[매생이 굴 국 재료] 매생이 300g| 굴 200g| 다진마늘 1t| 참기름 1T| 국간장 2T| 물 4컵,"1. 다진마늘, 매생이, 굴을 넣어주세요.
2. 참기름, 국간장을 넣고 간이 고르게 배도록 끓여주세요.
3. 재료가 충분히 익으면 매생이굴국을 완성해주세요."
아귀찜,[주재료] 말린아귀 1마리| 미더덕 2줌| 새우 10마리| 양파 1개| 찜용콩나물 3줌| 홍고추풋고추 2개씩| 대파 1뿌리| 미나리 1/3단| 쑥갓 1/3단 [양념] 고추장 1큰술| 고춧가루 10숟가락| 양조간장 100ml(3바퀴면130ml)| 다진마늘 5숟가락| 다진생강 3숟가락| 후추 7톡톡| 물 270ml| 녹말 1숟가락| 꿀 2숟가락| 통마늘 10개,"1. 새우를 먹기 좋은 크기로 손질해주세요.
2. 양파, 홍고추풋고추, 대파를 어슷썰기 해주세요.
[TERM:어슷썰기]
3. 말린아귀, 미더덕, 미나리, 쑥갓을 넣어주세요.
4. 손질한 새우, 양파, 홍고추풋고추, 대파를 넣고 함께 익혀주세요.
5. 고추장, 고춧가루, 양조간장, 다진마늘, 다진생강, 후추, 물, 녹말, 꿀, 통마늘을 넣고 간이 고르게 배도록 끓여주세요.
6. 재료가 충분히 익으면 아귀찜을 완성해주세요."
참나물무침,[재료] 참나물 250g [양념] 고추가루 2T| 간장 2T| 참기름 2T| 식초 2T| 설탕 1T| 깨 1T| 다진마늘 약간,"1. 고추가루, 간장, 참기름, 식초, 설탕, 깨, 다진마늘 약간을 한데 섞어 양념을 만들어주세요.
2. 그릇에 담으면 참나물무침이 완성됩니다."
훈제오리부추무침,[재료] 훈제오리| 부추 1/2단| 양파 1개| 마늘(편으로썬) [양념] 간장 3T| 설탕 3T| 식초 3T| 고춧가루 2T| 다진마늘 1T| 참기름,"1. 양파를 어슷썰기 해주세요.
[TERM:어슷썰기]
2. 마늘을 다지기 해주세요.
[TERM:다지기]
3. 손질한 양파, 마늘, 훈제오리, 부추를 끓는 물에 살짝 데쳐주세요.
[TERM:데치다]
4. 간장, 설탕, 식초, 고춧가루, 다진마늘, 참기름을 한데 섞어 양념을 만들어주세요.
5. 준비한 재료에 양념을 넣고 골고루 무쳐주세요.
6. 그릇에 담으면 훈제오리부추무침이 완성됩니다."
가지덮밥,[재료] 가지 1개(약 24cm) [양념] 간장 1T| 설탕 1T| 청주 1T| 미림 1T| 물 1T,"1. 가지를 넣어주세요.
2. 간장, 설탕, 청주, 미림, 물을 넣고 간이 고르게 배도록 끓여주세요.
3. 재료가 충분히 익으면 가지덮밥을 완성해주세요."
무나물,[재료] 무채 1사발| 대파 1소주컵| 쌀뜨물 1/2종이컵| 들기름 1/2소주컵 [양념] 간장 1/3소주컵| 설탕 1/3스푼| 깨 1스푼| 다진마늘 1스푼| 소금 1/3티스푼,"1. 무채를 나박썰기 해주세요.
[TERM:나박썰기]
2. 대파를 어슷썰기 해주세요.
[TERM:어슷썰기]
3. 손질한 무채, 대파를 넣고 함께 익혀주세요.
4. 간장, 설탕, 깨, 다진마늘, 소금, 들기름을 넣고 간이 고르게 배도록 끓여주세요.
5. 재료가 충분히 익으면 무나물을 완성해주세요."
황태채무침,[재료] 황태채 적당량| 들기름 2수저| 고춧가루 1수저| 고추장 3수저| 다진마늘 조금| 올리고당(물엿) 3큰술| 간장 1/2수저| 매실액 1수저,"1. 손질한 다진마늘 조금, 황태채 적당량을 끓는 물에 살짝 데쳐주세요.
[TERM:데치다]
2. 들기름, 고춧가루, 고추장, 올리고당, 간장, 매실액을 한데 섞어 양념을 만들어주세요.
3. 준비한 재료에 양념을 넣고 골고루 무쳐주세요.
4. 그릇에 담으면 황태채무침이 완성됩니다."
황태북어국,[재료] 황태채 2줌| 참기름 약간| 마늘 약간| 국간장 3큰술| 소금 1큰술| 대파 1대| 붉은고추 1개| 달걀 3개| 후추 약간,"1. 마늘 약간을 다지기 해주세요.
[TERM:다지기]
2. 대파, 붉은고추를 어슷썰기 해주세요.
[TERM:어슷썰기]
3. 달걀은 그릇에 풀어주세요.
4. 황태채를 넣어주세요.
5. 손질한 마늘 약간, 대파, 붉은고추를 넣고 함께 익혀주세요.
6. 참기름 약간, 국간장, 소금, 후추 약간을 넣고 간이 고르게 배도록 끓여주세요.
7. 풀어둔 달걀을 둘러가며 넣어 익혀주세요.
8. 재료가 충분히 익으면 황태북어국을 완성해주세요."
